"timestamp","speed","rpm","engine_temp","fuel_level","tyre_fl","tyre_fr","tyre_rl","tyre_rr"
2026-02-24 08:00:00,65.6,4011,91.1,99.98,31.9,33.4,33.1,30.2
2026-02-24 08:00:01,36.5,2107,87.1,99.98,31.7,31.8,33.9,33
2026-02-24 08:00:02,50.4,2507,90,99.97,30.2,31.7,33.3,31.1
2026-02-24 08:00:03,54.5,2668,94.3,99.94,32.6,31.5,32.5,35.1
2026-02-24 08:00:04,51.1,2678,80,99.92,30.6,32.9,32.9,32.2
2026-02-24 08:00:05,43.4,2714,86,99.91,32.6,30.1,32.4,32.9
2026-02-24 08:00:06,67.7,4016,93.7,99.9,31,32.9,29.8,32
2026-02-24 08:00:07,43.6,2396,85.4,99.9,31.3,30.5,33.3,32.7
2026-02-24 08:00:08,75.3,4283,97.9,99.88,31.5,33.1,32.2,33
2026-02-24 08:00:09,44.1,2811,85.9,99.88,30.2,31.8,30.6,32.9
2026-02-24 08:00:10,64.6,3393,86.8,99.83,33.3,34,35.1,31.7
2026-02-24 08:00:11,79.3,4982,90.6,99.81,31.4,30.5,34,33.3
2026-02-24 08:00:12,24.2,1587,90.4,99.79,33.1,31.4,32.5,33.8
2026-02-24 08:00:13,40.8,2187,90.5,99.78,31.8,32.3,31.4,32.7
2026-02-24 08:00:14,43,2551,94.5,99.78,31.8,32.3,30.7,34.3
2026-02-24 08:00:15,54.5,3538,95.4,99.75,30.6,30.3,35.1,33.2
2026-02-24 08:00:16,40.7,2847,81.1,99.72,32.7,31.9,34.2,33.4
2026-02-24 08:00:17,5.2,759,97.7,99.71,32.1,30.1,33.3,32.7
2026-02-24 08:00:18,8.4,700,100.1,99.68,31.4,32.7,33.8,33.3
2026-02-24 08:00:19,64.8,3824,87.5,99.65,32.9,31.4,32.4,34.5
2026-02-24 08:00:20,40.4,2561,80.7,99.62,32.5,32.4,33.3,32.7
2026-02-24 08:00:21,18.3,1021,82.2,99.59,32.1,33.3,33.1,31
2026-02-24 08:00:22,42.4,2243,80.5,99.56,32,32.2,32.6,33
2026-02-24 08:00:23,63.2,4045,93.9,99.55,33.4,33,33.9,35
2026-02-24 08:00:24,73.4,4612,95.8,99.49,31.9,31.9,32,30.8
2026-02-24 08:00:25,38.5,2688,100.8,99.46,34.4,32,32.8,31.7
2026-02-24 08:00:26,41.1,2966,93.9,99.43,32.6,32.7,32.4,30.6
2026-02-24 08:00:27,18.6,1558,97.5,99.42,31.7,32,30.8,35.9
2026-02-24 08:00:28,51.9,3351,88.7,99.42,33.3,31.6,33.5,34.2
2026-02-24 08:00:29,35.4,2113,86,99.4,30.3,30.8,34.9,29.9
2026-02-24 08:00:30,51.8,3081,93.6,99.39,33.5,33.2,34.2,33.6
2026-02-24 08:00:31,55.6,3212,94,99.39,29.6,34.4,34.5,34
2026-02-24 08:00:32,60.5,3396,79.6,99.36,33.2,33.2,32.1,30.9
2026-02-24 08:00:33,35.9,2037,97.6,99.34,33.6,33.3,32.8,30.9
2026-02-24 08:00:34,52.6,3340,88.3,99.29,30,31.3,33.9,33.4
2026-02-24 08:00:35,19.2,1267,91.3,99.27,31.6,32.1,32.5,32
2026-02-24 08:00:36,33.2,1630,85.9,99.22,30.8,32.1,33.5,34.3
2026-02-24 08:00:37,32.2,2291,95.8,99.22,32,32.7,30.5,32.8
2026-02-24 08:00:38,8.8,915,89.8,99.22,31.1,31.6,32.6,31.7
2026-02-24 08:00:39,45.5,3175,83.5,99.21,31.4,31,33.5,33.1
2026-02-24 08:00:40,48.1,2519,93.7,99.17,30.9,31.8,35.9,31.6
2026-02-24 08:00:41,39.6,2252,82.1,99.17,33.2,35.4,32.6,33.4
2026-02-24 08:00:42,56.4,3261,90.9,99.11,33,31.6,33.6,32.1
2026-02-24 08:00:43,34.1,1911,92.1,99.08,32.6,33.2,34,32.2
2026-02-24 08:00:44,24.5,1301,108.2,99.05,32.2,30,30.3,33.3
2026-02-24 08:00:45,51.5,2922,95.1,99.05,32.4,35.6,32.2,33.2
2026-02-24 08:00:46,32.8,1677,84.4,99.02,31.6,30.2,34.6,34.3
2026-02-24 08:00:47,66.7,3833,94.3,99.02,34.8,32.2,32.2,32.3
2026-02-24 08:00:48,38.5,2210,91.4,99,32.1,32.1,33.5,33.4
2026-02-24 08:00:49,54.8,3346,93.3,98.99,32.8,31.8,33.6,33.4
2026-02-24 08:00:50,49.8,3170,82.3,98.95,32.9,30,32.2,30.8
2026-02-24 08:00:51,33.2,2279,102.1,98.94,33,30.8,34.6,32.9
2026-02-24 08:00:52,68.6,3876,95.3,98.93,33.6,33.3,33,31.7
2026-02-24 08:00:53,54.6,3289,89.7,98.91,31.7,32.2,31.5,33.8
2026-02-24 08:00:54,46.3,3479,79.8,98.88,29.8,31.9,31.8,33.9
2026-02-24 08:00:55,49.1,2807,94.4,98.84,34.7,32.4,34.6,32.8
2026-02-24 08:00:56,55.2,3534,83.6,98.81,31.6,32.2,33.8,33
2026-02-24 08:00:57,46.3,2568,84.9,98.76,31.7,32.2,34.1,33.4
2026-02-24 08:00:58,0.1,700,95.3,98.73,33.8,32.9,32.9,30.2
2026-02-24 08:00:59,49.3,3122,96.4,98.73,32.6,32.7,35,35.1
2026-02-24 08:01:00,39.5,2095,89.7,98.68,30.5,33.6,33.5,33.7
2026-02-24 08:01:01,47.8,3176,82.1,98.64,32.3,31.9,33.3,33.2
2026-02-24 08:01:02,53.7,3560,77.9,98.63,30.2,32.4,34.3,31.4
2026-02-24 08:01:03,66,4225,83.6,98.58,31.7,29.4,32.1,34
2026-02-24 08:01:04,34.1,1216,87.8,98.58,29.4,33.6,33.3,34.6
2026-02-24 08:01:05,64.5,3913,116.2,98.56,32.6,33.1,34.2,34.1
2026-02-24 08:01:06,50,3456,93.9,98.51,30.1,31.8,35,33
2026-02-24 08:01:07,60.6,3585,87.1,98.47,30.5,34.3,34.6,34.6
2026-02-24 08:01:08,58.8,3331,94.8,98.44,29.7,31.7,32,31.4
2026-02-24 08:01:09,55.8,3302,99.2,98.44,22,32.4,32.2,33.1
2026-02-24 08:01:10,29.4,1049,89.3,98.44,30.6,30.2,32.5,31.9
2026-02-24 08:01:11,43.6,2275,83.9,98.44,30.1,32.3,32.9,32.7
2026-02-24 08:01:12,54.4,3238,84.9,98.43,29,31.1,32.7,34.2
2026-02-24 08:01:13,30.7,2093,96.6,98.38,33.6,31.2,34.3,33.4
2026-02-24 08:01:14,36.9,2278,82.7,98.36,31.5,34.3,33.4,33.8
2026-02-24 08:01:15,53.7,3414,101.6,98.36,30.6,33.4,33.2,31.7
2026-02-24 08:01:16,56.5,3080,93.7,98.34,31.1,31.2,31.7,34.2
2026-02-24 08:01:17,52,3566,97.7,98.29,29.9,33.1,32.9,33.7
2026-02-24 08:01:18,31.7,2259,87.6,98.27,33.7,33.2,32.3,30.7
2026-02-24 08:01:19,28.5,1895,88.2,98.25,31.4,32.7,30.9,33.1
2026-02-24 08:01:20,67.7,4010,94.7,98.25,31.3,32,33.4,31.7
2026-02-24 08:01:21,48.9,3192,90.9,98.22,32.9,32.3,32.4,32.7
2026-02-24 08:01:22,46.3,2592,95.5,98.21,22,33,35.5,31.7
2026-02-24 08:01:23,43.2,2329,90.9,98.18,32.9,31.5,32.4,32
2026-02-24 08:01:24,27.1,957,90.9,98.16,31,33.9,33.6,33
2026-02-24 08:01:25,54.2,3310,102.6,98.15,30.1,31.9,34.8,31.2
2026-02-24 08:01:26,41.7,1808,95,98.12,31.1,33.4,33.8,32.2
2026-02-24 08:01:27,42.3,2531,78,98.09,31.8,32.3,32.1,33.5
2026-02-24 08:01:28,59,3672,96.3,98.07,31.6,31.2,31.1,33.7
2026-02-24 08:01:29,57.3,3675,87.9,98.02,33.1,31.9,33.9,31.6
2026-02-24 08:01:30,65.9,4261,92.2,98.02,32.8,32.7,32.1,30.3
2026-02-24 08:01:31,37.9,2459,100.1,97.99,31.5,31.3,32.4,32.2
2026-02-24 08:01:32,54.8,3030,102.1,97.96,32.5,31.3,33,31.6
2026-02-24 08:01:33,65.9,4221,80.1,97.95,32,32.7,32.8,34
2026-02-24 08:01:34,28.3,1717,82.8,97.95,32,32.7,34.3,34.7
2026-02-24 08:01:35,32.1,1367,94.6,97.93,32.3,33.3,31.9,33.5
2026-02-24 08:01:36,28,1646,88.1,97.89,34,32.7,33.3,32.6
2026-02-24 08:01:37,23.1,851,89.1,97.86,31.8,33.1,34.3,34.2
2026-02-24 08:01:38,46.2,2456,99.4,97.83,31.2,31.4,33.5,32.7
2026-02-24 08:01:39,54.8,3102,89.2,97.81,30.3,34,32.7,31.9
2026-02-24 08:01:40,63,3604,85,97.79,32,32.8,32.4,34.7
2026-02-24 08:01:41,60.7,3920,90.2,97.77,34.3,31.7,32.8,32.4
2026-02-24 08:01:42,30,1780,96.6,97.74,32.5,31.5,32,33.3
2026-02-24 08:01:43,72.7,4081,93.4,97.71,31.7,30.4,35.8,32.9
2026-02-24 08:01:44,35,1910,96.5,97.65,33.4,32.9,32.3,35.6
2026-02-24 08:01:45,46.6,2623,81.4,97.63,30.1,30.1,32.6,34.6
2026-02-24 08:01:46,38.7,2378,92.7,97.63,30.3,33.6,33.1,33.1
2026-02-24 08:01:47,43.2,2754,96.2,97.62,33.9,31.7,30.4,32.2
2026-02-24 08:01:48,47.8,2742,100.3,97.6,31.9,32.5,33.4,32.1
2026-02-24 08:01:49,46.8,2706,75.6,97.56,33.2,30.9,34.4,34
2026-02-24 08:01:50,44.6,2831,87.3,97.54,32,33,35.9,31.6
2026-02-24 08:01:51,46.6,2535,96.8,97.51,33.2,33.7,31,33.9
2026-02-24 08:01:52,37.7,2214,95.1,97.49,35.1,31.7,34.2,32.3
2026-02-24 08:01:53,37.4,2201,94.1,97.45,33.5,33.7,33.2,33.9
2026-02-24 08:01:54,20.1,976,82.4,97.39,30.7,32.6,35,32.4
2026-02-24 08:01:55,39.3,2160,90.1,97.35,31.5,32.6,32.8,33.9
2026-02-24 08:01:56,37.3,2146,79,97.32,31,32.7,35,34.1
2026-02-24 08:01:57,85.5,4865,92.1,97.29,31.1,31.1,29.8,32.8
2026-02-24 08:01:58,24.6,1447,110.5,97.29,33.1,31.6,31.9,34
2026-02-24 08:01:59,47.1,2443,83.4,97.26,32.4,30.2,34.2,33.4
2026-02-24 08:02:00,22.6,1469,93,97.26,33.8,30.1,34.2,33.8
2026-02-24 08:02:01,22.9,1233,102.9,97.25,33.2,32.2,32.5,33.2
2026-02-24 08:02:02,46.9,3054,82.5,97.19,31.4,30.4,32.7,32.3
2026-02-24 08:02:03,30.1,1934,86.8,97.18,32.6,31.8,32.9,32.9
2026-02-24 08:02:04,45,2546,90.8,97.15,33.8,30,35,32.1
2026-02-24 08:02:05,38.6,2212,87.8,97.11,32.2,33.4,31.4,30.4
2026-02-24 08:02:06,35.8,2331,85.7,97.1,31.5,32.6,32.9,32.2
2026-02-24 08:02:07,14.6,1097,95.7,97.1,30.7,30.9,32.8,34.3
2026-02-24 08:02:08,26.6,1739,86,97.06,33.2,32.5,35,30.6
2026-02-24 08:02:09,47.7,2960,91,97,33.5,33,33.2,32.7
2026-02-24 08:02:10,53.5,2676,97.9,96.98,31.8,30,33.1,31.1
2026-02-24 08:02:11,37.6,2292,94.2,96.98,32.5,31.8,32.3,32.3
2026-02-24 08:02:12,45,2275,82.4,96.96,32.8,31.9,31,33.4
2026-02-24 08:02:13,61.8,3731,99.9,96.96,30.8,32.5,33.1,32.6
2026-02-24 08:02:14,66.6,3798,95.2,96.95,33.9,31.1,32.2,33.3
2026-02-24 08:02:15,28.5,1678,93.3,96.91,30.3,32.8,31.1,30.8
2026-02-24 08:02:16,43.2,2238,91.2,96.91,32.5,31.7,32.9,34.3
2026-02-24 08:02:17,63,3731,86.8,96.89,32.7,31.3,32.5,33.7
2026-02-24 08:02:18,38,2736,87,96.82,32.5,30.4,33,31.1
2026-02-24 08:02:19,44.2,3200,86.3,96.82,32.1,29.1,33.3,32.6
2026-02-24 08:02:20,43.7,1875,83.6,96.82,32.1,31.4,33.5,34.2
2026-02-24 08:02:21,31.7,1406,95.2,96.8,31.1,34.1,32.6,31.7
2026-02-24 08:02:22,38.3,1872,83.8,96.76,31.6,32.8,34.3,32.7
2026-02-24 08:02:23,44.6,2293,94.5,96.75,31.8,31,35.8,33.4
2026-02-24 08:02:24,38.8,2952,86.9,96.75,29.2,32.3,32,32.4
2026-02-24 08:02:25,61.7,4007,97.2,96.73,32.4,29.8,33.1,30.5
2026-02-24 08:02:26,37.8,2235,98.2,96.72,32.3,32.9,34.6,33.6
2026-02-24 08:02:27,38.5,2604,92.1,96.7,31.3,31.4,34.4,33.1
2026-02-24 08:02:28,55.5,4008,94.4,96.68,33.5,30.6,34,33.8
2026-02-24 08:02:29,29.2,1943,93.7,96.66,30.3,30.3,31.4,32.6
2026-02-24 08:02:30,44.4,3197,83.6,96.66,31.9,33.9,32.8,31
2026-02-24 08:02:31,21.7,958,96.8,96.61,33.6,31.6,32.1,33.8
2026-02-24 08:02:32,62.5,3426,96.7,96.61,33.3,32,30.3,33.6
2026-02-24 08:02:33,40.9,2774,86.6,96.61,35.2,30.5,30.2,33.6
2026-02-24 08:02:34,38,2548,86,96.6,33.1,31.7,34.3,33
2026-02-24 08:02:35,26.4,1845,94.2,96.6,32,33.5,34.9,33.5
2026-02-24 08:02:36,44.9,2840,85.5,96.55,30.8,30.6,32.5,32.3
2026-02-24 08:02:37,33,1839,93.1,96.53,33.9,31.8,30.6,33.4
2026-02-24 08:02:38,37,2505,95.8,96.53,30.7,34.2,34.7,31.8
2026-02-24 08:02:39,64.3,4412,90.4,96.5,31.9,31.3,31.8,32.5
2026-02-24 08:02:40,42.4,2916,91.1,96.48,32.3,33.9,33.2,31.8
2026-02-24 08:02:41,28.9,1320,87.9,96.44,32,31.7,34.2,31.7
2026-02-24 08:02:42,47.4,2986,90.1,96.43,32.2,31.2,32.9,33.9
2026-02-24 08:02:43,39.6,2380,88.6,96.43,32.5,32.1,34.9,31.7
2026-02-24 08:02:44,53.9,3260,107.2,96.39,32.2,31.8,31.9,31.4
2026-02-24 08:02:45,66.5,3935,95.6,96.37,31.4,32.6,31.5,32.9
2026-02-24 08:02:46,30.1,1426,118.4,96.35,30.1,32,33.8,32.3
2026-02-24 08:02:47,51.8,3207,89.2,96.33,32,30.5,31.9,32.7
2026-02-24 08:02:48,46.3,3184,90.8,96.31,32.5,30.9,33.8,32
2026-02-24 08:02:49,58.4,3995,108.5,96.3,32.2,31.6,32.8,33.1
2026-02-24 08:02:50,41.6,2640,87,96.29,33.5,31.2,33.5,31.8
2026-02-24 08:02:51,57.5,3229,88.1,96.27,33.7,30.6,30.4,30
2026-02-24 08:02:52,18.8,953,91.2,96.26,31,32.4,33.6,31.6
2026-02-24 08:02:53,70.3,4035,98.6,96.24,33.1,32.1,31.9,32.4
2026-02-24 08:02:54,58,3661,74,96.2,31.2,31.9,31.4,32
2026-02-24 08:02:55,42.7,2491,104.3,96.19,33.6,33.8,33.4,32.3
2026-02-24 08:02:56,23.3,2269,85.4,96.15,33.1,32.4,33.6,31.7
2026-02-24 08:02:57,54.6,3196,84.6,96.12,31.5,33.5,33.6,34.6
2026-02-24 08:02:58,52.2,3176,89.9,96.12,29.7,30.8,32.3,32.2
2026-02-24 08:02:59,44.9,2632,96,96.11,33.9,29.9,32.9,33
2026-02-24 08:03:00,47.3,2645,86.9,96.07,31.9,31.5,33.9,34.8
2026-02-24 08:03:01,36.2,2426,80.7,96.02,31.3,32.4,32.2,33
2026-02-24 08:03:02,50.5,2872,89.1,95.99,31.3,34.1,35.3,33.1
2026-02-24 08:03:03,49.4,2965,94,95.98,34,31.9,33.7,33.1
2026-02-24 08:03:04,40.8,2363,97.2,95.98,35.4,32.2,33.8,33.1
2026-02-24 08:03:05,25,700,98.8,95.98,32.6,30.1,32,31.8
2026-02-24 08:03:06,55.5,3525,89.4,95.94,31.4,34,30.6,32.8
2026-02-24 08:03:07,53.3,3245,100.8,95.92,33.4,29,33.2,31.9
2026-02-24 08:03:08,32.5,1694,99.2,95.88,32.7,32.2,33.4,31.8
2026-02-24 08:03:09,21.1,1675,89.2,95.83,32.9,30.4,34.2,33.4
2026-02-24 08:03:10,48.1,2507,97.5,95.79,32.6,33.6,33.6,30.6
2026-02-24 08:03:11,39.8,1855,98.3,95.78,32,32.4,33,33.9
2026-02-24 08:03:12,48.8,2722,83.7,95.74,34.4,32.2,32.5,34.6
2026-02-24 08:03:13,25.6,1181,101.1,95.73,31.9,32.6,32.4,35.1
2026-02-24 08:03:14,30.6,2073,91.5,95.69,33.5,32,33.7,31.5
2026-02-24 08:03:15,61.3,3704,95,95.64,32.1,31.1,32,33.7
2026-02-24 08:03:16,51.1,2955,91.5,95.62,34.3,33.9,33.2,32.8
2026-02-24 08:03:17,53.8,3231,87.9,95.58,30.5,33.6,34.3,32.6
2026-02-24 08:03:18,72.2,4047,101.2,95.58,32.4,33,31.9,31.9
2026-02-24 08:03:19,46.9,2869,99.9,95.56,33.3,32.5,33.4,34.4
2026-02-24 08:03:20,15,957,85.6,95.56,32.3,33.5,34.3,31.9
2026-02-24 08:03:21,50,2978,91.9,95.54,32.2,31.8,30.7,33.2
2026-02-24 08:03:22,62.6,3755,95.2,95.53,32,29.7,31.6,34
2026-02-24 08:03:23,75.9,4222,81.3,95.52,33.3,31.4,35.1,31.8
2026-02-24 08:03:24,24.3,1739,89.3,95.51,34.1,30.9,35,33.3
2026-02-24 08:03:25,27.7,1216,94.9,95.49,31.1,32.4,33.7,33
2026-02-24 08:03:26,34.4,2733,89.9,95.49,32.7,30.3,32.9,31.9
2026-02-24 08:03:27,29.2,2239,79.7,95.48,34.6,32.6,34.8,34.5
2026-02-24 08:03:28,35.3,2274,83.1,95.47,30.9,32.5,33.2,32.7
2026-02-24 08:03:29,42.2,2126,86.5,95.42,32.8,33.3,32.7,28.9
2026-02-24 08:03:30,27,1748,93,95.38,32.4,33.5,32.6,33.5
2026-02-24 08:03:31,75.6,4037,81.1,95.36,33.3,31,32.8,34.4
2026-02-24 08:03:32,46.6,2715,95,95.32,31.2,34.1,35.4,33
2026-02-24 08:03:33,43.7,2859,98.4,95.28,32.4,32.3,32.2,33
2026-02-24 08:03:34,52.4,3396,88.6,95.28,30.6,31.1,34.3,33.4
2026-02-24 08:03:35,45.6,2746,97.7,95.26,31.6,30.3,34.2,33.7
2026-02-24 08:03:36,43,2509,97.8,95.23,31.9,34.5,30.8,33.1
2026-02-24 08:03:37,67.2,4111,91.9,95.2,30.2,32.9,33.7,34.1
2026-02-24 08:03:38,41.7,2024,89.8,95.19,33.7,33.6,34.8,31.7
2026-02-24 08:03:39,25.7,1429,90.9,95.16,31.7,31.3,33.2,33.1
2026-02-24 08:03:40,50.8,3592,80.7,95.14,31.8,33,33.8,33.3
2026-02-24 08:03:41,39.7,1861,95.4,95.13,31.4,29.9,30.5,32.3
2026-02-24 08:03:42,37.2,2721,94,95.13,32,31,32.9,33.9
2026-02-24 08:03:43,29,1898,91.1,95.09,31.8,31.5,33.7,33.8
2026-02-24 08:03:44,51.4,2976,75.7,95.06,31.1,27.9,32.9,35.2
2026-02-24 08:03:45,42.4,3215,93.8,95.02,30.2,30.7,32.4,34.2
2026-02-24 08:03:46,52.7,3150,95.4,95.01,33,32.7,31.1,31.5
2026-02-24 08:03:47,41.5,3058,86.8,94.95,33.3,30.3,33.2,33.5
2026-02-24 08:03:48,35.1,2113,98.1,94.92,32.5,31.5,34.1,34.3
2026-02-24 08:03:49,63.8,3994,95.5,94.87,33.1,31.8,32.8,32.4
2026-02-24 08:03:50,40.9,2282,84.9,94.85,30.1,30.9,34.7,33.4
2026-02-24 08:03:51,59.2,3273,86.2,94.85,31.1,31.9,32.2,33.2
2026-02-24 08:03:52,27,1020,90.7,94.81,32.2,32.4,32.9,30.3
2026-02-24 08:03:53,38,2093,86.1,94.8,31.7,31,31.2,33.3
2026-02-24 08:03:54,41,2678,85.7,94.8,31.1,31.1,33.1,32
2026-02-24 08:03:55,39.1,2015,100.2,94.79,30.7,32.5,33.3,31.7
2026-02-24 08:03:56,65.2,3564,85.1,94.74,31.7,30.3,32.8,31.3
2026-02-24 08:03:57,44.7,2550,93.6,94.74,32,34,31.8,34.3
2026-02-24 08:03:58,48.7,2970,82.7,94.73,30.5,33.8,32.7,32.7
2026-02-24 08:03:59,30.9,1706,92,94.68,32.8,32.3,32.5,32.5
2026-02-24 08:04:00,34.1,2410,95.4,94.67,31.4,32,32.1,34
2026-02-24 08:04:01,60,3688,98.7,94.63,33.6,30.3,33.1,33.6
2026-02-24 08:04:02,63.9,3823,85.3,94.58,30.8,29.2,32.5,34.3
2026-02-24 08:04:03,63.7,3491,87.5,94.52,32,34.2,31.8,30.5
2026-02-24 08:04:04,24.3,1177,97.4,94.49,33.9,29.8,34.2,33.4
2026-02-24 08:04:05,75.7,4680,95.5,94.49,31.8,34.4,32.7,33.1
2026-02-24 08:04:06,60.3,3518,90.3,94.49,32.7,32.5,33.8,32.6
2026-02-24 08:04:07,44.6,3008,92.3,94.49,30.7,31,32.2,31.9
2026-02-24 08:04:08,55.6,2846,89.1,94.49,32.9,32.1,32.2,33.3
2026-02-24 08:04:09,30.4,1925,96.3,94.49,32.5,30.2,31.2,31.8
2026-02-24 08:04:10,28.6,1559,94.1,94.47,32.6,31.9,33.8,31.2
2026-02-24 08:04:11,45.7,3181,91.4,94.47,32.1,33,33.8,32.3
2026-02-24 08:04:12,27,1748,86.9,94.47,30.6,31.8,31.9,31.7
2026-02-24 08:04:13,47.9,2566,93.7,94.47,29.9,32.9,35.4,33.7
2026-02-24 08:04:14,64.5,3478,90.3,94.47,33,31.5,31.6,32.8
2026-02-24 08:04:15,29.5,1839,80.9,94.45,33.7,32.5,32.4,32.7
2026-02-24 08:04:16,33.9,1942,86.3,94.45,33,32.5,34,31.4
2026-02-24 08:04:17,45.7,2717,81.9,94.4,32,32.4,32.5,33.9
2026-02-24 08:04:18,29.7,1732,97.6,94.39,30.6,29.6,32.2,35.3
2026-02-24 08:04:19,39.3,2555,101.1,94.35,31.6,33.2,35.8,33.1
2026-02-24 08:04:20,58.1,3164,106.1,94.31,32.3,32.1,34.7,31.8
2026-02-24 08:04:21,59.5,4611,104.8,94.28,34.7,33.5,34.7,30.9
2026-02-24 08:04:22,50.8,3136,87.5,94.26,31.6,32.2,36.2,31.4
2026-02-24 08:04:23,17.2,871,84.5,94.24,33,33.4,34,33.1
2026-02-24 08:04:24,44.2,2609,88.3,94.24,32.3,32.6,34.1,34.2
2026-02-24 08:04:25,61,3823,99.6,94.2,30.6,34.6,31.2,34.4
2026-02-24 08:04:26,57.2,3622,86,94.2,32.6,32.9,31.9,32
2026-02-24 08:04:27,42.1,1994,87.7,94.17,31.1,32.7,33.2,31.9
2026-02-24 08:04:28,4.5,700,87.5,94.16,33,32.8,31.4,34.5
2026-02-24 08:04:29,45.9,2727,90.3,94.16,33,33,32,32.5
2026-02-24 08:04:30,53.6,3467,96,94.15,32.2,32.8,31.2,32.3
2026-02-24 08:04:31,45.7,2792,82.9,94.12,32,31.9,33.4,34.9
2026-02-24 08:04:32,47.4,3152,91.9,94.11,32.3,33.4,34,31.6
2026-02-24 08:04:33,51.5,3211,81.5,94.08,33.3,31.5,30.2,31.4
2026-02-24 08:04:34,39.1,2469,98.2,94.08,34.6,33.8,33.7,34.4
2026-02-24 08:04:35,64.6,4380,97.2,94.06,30.9,33.7,35,34.2
2026-02-24 08:04:36,52.1,2807,93.6,94.06,31,32.7,33.5,32.7
2026-02-24 08:04:37,26.4,1347,90.6,94.05,34.3,33.5,33.2,32.5
2026-02-24 08:04:38,65.7,4059,98.1,94.05,32.1,32.7,31.5,30.4
2026-02-24 08:04:39,63.1,3862,95.7,94.04,31.4,31.3,32.1,32.8
2026-02-24 08:04:40,57.4,2788,85,94.03,32.8,32,32.2,31.6
2026-02-24 08:04:41,20.1,1367,107.1,94,34.6,32.9,32.7,32.6
2026-02-24 08:04:42,36.5,1803,88.2,93.99,31.6,29.3,33,34.9
2026-02-24 08:04:43,54.5,2902,85.9,93.96,32.6,30.4,32.3,34
2026-02-24 08:04:44,45.7,3260,94.6,93.96,32.8,31.1,33.7,33.6
2026-02-24 08:04:45,50.2,3360,93.6,93.93,31.8,33.8,32.2,32.4
2026-02-24 08:04:46,81.9,4690,92.9,93.92,33.6,30.8,33.1,32.4
2026-02-24 08:04:47,32.7,2462,83.4,93.86,32.2,31.2,33,32.7
2026-02-24 08:04:48,13.3,700,92.6,93.84,30.7,30.5,31,33.4
2026-02-24 08:04:49,49.1,3255,94.3,93.81,32.9,29.6,33.4,34.8
2026-02-24 08:04:50,34.7,2495,105.5,93.77,33.1,33.5,33.3,31.6
2026-02-24 08:04:51,51.7,3501,87.3,93.76,32.5,32.6,31.4,33.5
2026-02-24 08:04:52,32.8,2344,96.4,93.73,32.7,32.5,33.1,34.3
2026-02-24 08:04:53,78.2,4606,86.8,93.73,33.3,32.2,34.4,34.1
2026-02-24 08:04:54,43.1,2422,115.6,93.68,32.3,32.1,34.1,33.3
2026-02-24 08:04:55,37.8,2644,86.2,93.65,31.8,32.8,34.1,33.6
2026-02-24 08:04:56,42.5,2528,80,93.63,29.6,30.8,33,36
2026-02-24 08:04:57,57.9,3269,78.2,93.61,32.7,30.3,33.2,32.9
2026-02-24 08:04:58,46.5,2483,97.2,93.61,31.2,32.1,35.3,33.1
2026-02-24 08:04:59,20.6,1626,92.5,93.59,32.2,32,32.3,35.6
2026-02-24 08:05:00,44.9,2921,94.3,93.55,31.3,31.3,32,32.2
2026-02-24 08:05:01,56.4,3828,79.6,93.55,30.3,32.2,33.6,34.1
2026-02-24 08:05:02,45.6,2550,91.1,93.52,29.2,32.2,33.6,36.7
2026-02-24 08:05:03,56,3438,92.6,93.48,32.1,30.1,32.6,32.5
2026-02-24 08:05:04,42.8,2242,101.9,93.43,33.5,32.7,31.6,32.5
2026-02-24 08:05:05,44.1,2672,87.8,93.42,32,31.7,32.8,33.4
2026-02-24 08:05:06,52.2,2878,96.8,93.4,33.2,30.7,34.9,32.5
2026-02-24 08:05:07,59.9,3711,91.8,93.4,34.2,31.8,34.3,35.8
2026-02-24 08:05:08,26.3,1567,97.6,93.37,31,31.3,33.3,33.6
2026-02-24 08:05:09,44.5,3104,93,93.34,31.8,32.3,32.4,34.4
2026-02-24 08:05:10,43.9,2729,92.9,93.29,31.3,31.9,31.8,34.9
2026-02-24 08:05:11,33.6,1895,91,93.29,32,32.1,33,34.3
2026-02-24 08:05:12,29.5,1248,92.5,93.26,31,31.4,33.1,35.1
2026-02-24 08:05:13,35.5,1994,92.5,93.24,30.8,32.3,33.8,32
2026-02-24 08:05:14,53.8,3052,91,93.22,31.6,32.5,34.7,33.3
2026-02-24 08:05:15,38.8,2672,91.1,93.17,33.3,31.2,33.8,34.1
2026-02-24 08:05:16,33.2,2129,97.1,93.15,31.1,29.2,33.5,32.8
2026-02-24 08:05:17,47.5,2674,90.9,93.1,31.4,31.8,34,33
2026-02-24 08:05:18,26.4,1652,87,93.1,31.5,32.7,31.4,32.6
2026-02-24 08:05:19,60.7,3682,91.4,93.05,30.4,34.9,36.1,33.2
2026-02-24 08:05:20,37.7,2361,84.4,93.01,31.1,33.1,31.9,33.5
2026-02-24 08:05:21,47.8,2779,102.3,93.01,30.9,29.6,32.3,31.1
2026-02-24 08:05:22,45.8,3103,107,92.99,30.5,33.8,34.8,33.1
2026-02-24 08:05:23,45,3093,91.8,92.99,32.2,34.8,32,29.9
2026-02-24 08:05:24,72.1,3975,92,92.95,31.6,33.8,30.6,32.3
2026-02-24 08:05:25,32.6,2255,86.1,92.9,31.4,32.6,32.5,30.2
2026-02-24 08:05:26,62.2,3508,93.8,92.9,33.8,30.7,33.3,32.8
2026-02-24 08:05:27,45.5,2797,97.9,92.83,31.4,31.2,34.2,33
2026-02-24 08:05:28,32.5,2250,96.7,92.81,31.4,31.7,31.1,32.6
2026-02-24 08:05:29,44,2788,92,92.79,29.9,33.1,33.3,32.3
2026-02-24 08:05:30,56.2,3369,99.6,92.79,33.1,31.1,34.2,30.4
2026-02-24 08:05:31,38.6,2345,102.6,92.77,32.3,31.3,32.5,33.7
2026-02-24 08:05:32,33.4,2679,90.1,92.76,32.1,30.9,32.8,35.3
2026-02-24 08:05:33,47.3,3269,94.6,92.72,32.7,31.4,32.6,31.7
2026-02-24 08:05:34,59.8,3591,98.9,92.72,32.6,30.7,32.1,32.5
2026-02-24 08:05:35,43.9,2538,90.3,92.72,31,34.3,31.6,33.2
2026-02-24 08:05:36,24.2,2005,92.8,92.69,33.8,31.7,33.1,32.2
2026-02-24 08:05:37,25.4,1551,85.4,92.67,31.4,32.1,33.7,33.3
2026-02-24 08:05:38,33.5,2131,86.7,92.66,31.1,31.7,32.6,34.1
2026-02-24 08:05:39,37.1,2619,77.7,92.66,31.1,34.1,34.3,34.2
2026-02-24 08:05:40,44.7,2498,87.9,92.63,29.9,33.4,33.2,30.8
2026-02-24 08:05:41,55.1,3175,88.8,92.62,32.7,31.1,31.8,33.1
2026-02-24 08:05:42,38.5,2195,98.4,92.6,31.3,34.2,35,34.3
2026-02-24 08:05:43,28.3,1749,85.4,92.58,32.6,31.6,31.7,34.2
2026-02-24 08:05:44,54.1,2521,91.5,92.52,30,33.9,33.2,33.7
2026-02-24 08:05:45,49.1,2821,89.5,92.5,31.4,31.7,31.9,35.1
2026-02-24 08:05:46,62.4,3956,89.7,92.5,32.3,31.2,33.4,31.3
2026-02-24 08:05:47,19.8,1282,92.8,92.49,31,32.1,32.6,33.8
2026-02-24 08:05:48,46.3,2883,101,92.49,33.2,31,31.8,31.2
2026-02-24 08:05:49,65.3,3442,85.1,92.46,29.3,32.7,32.3,33.4
2026-02-24 08:05:50,55.9,3419,96.1,92.46,31.7,31.7,35.8,34.8
2026-02-24 08:05:51,32.5,1916,87.8,92.44,32.3,31.9,33.5,32.6
2026-02-24 08:05:52,56,3366,85.2,92.42,30.6,31.7,31.9,32.3
2026-02-24 08:05:53,31.9,2182,97.1,92.42,31.1,34.1,32.5,30.1
2026-02-24 08:05:54,38.2,2726,84.3,92.4,30.8,33.6,32.2,31.9
2026-02-24 08:05:55,62.8,3692,86.3,92.39,32.2,32.1,32.4,33.4
2026-02-24 08:05:56,40.6,2257,98.1,92.37,32.8,33.2,31.8,33.2
2026-02-24 08:05:57,57.4,3370,91.4,92.32,30.9,32.8,33.9,33.7
2026-02-24 08:05:58,40.6,2668,101.5,92.3,33.5,32.7,33.8,32
2026-02-24 08:05:59,21.4,1248,108.3,92.27,30.7,29.5,34,31
2026-02-24 08:06:00,32.3,1813,93.2,92.27,32.8,33.8,36.2,32.6
2026-02-24 08:06:01,28.7,1706,96.6,92.25,31.7,31.6,32.2,32.7
2026-02-24 08:06:02,37.7,2668,92.7,92.24,32.5,33.1,31.2,35.1
2026-02-24 08:06:03,40,2124,88.6,92.21,31,34.2,34,32.7
2026-02-24 08:06:04,42.7,2469,87.7,92.19,32.9,31.3,33.8,33.3
2026-02-24 08:06:05,41.4,2167,98.5,92.17,32.7,30.2,33.1,32.4
2026-02-24 08:06:06,73.4,5076,96.4,92.11,32.7,34.1,32.9,30.9
2026-02-24 08:06:07,24.2,1310,94.8,92.1,32.5,33,32,32.3
2026-02-24 08:06:08,38.8,2600,97.3,92.08,30.7,30.6,33,35.3
2026-02-24 08:06:09,50.2,3023,85.2,92.06,32.3,31.4,32.5,34.6
2026-02-24 08:06:10,69.4,4111,85.4,92.04,32.2,30.9,36.1,35.1
2026-02-24 08:06:11,46.3,2670,92.9,92,31.9,31.5,34.3,34.1
2026-02-24 08:06:12,63.6,3575,95.2,91.97,32.8,33.2,33.7,31.3
2026-02-24 08:06:13,20.3,1620,98.9,91.91,33,33.9,34.1,33.1
2026-02-24 08:06:14,66.7,4190,100.9,91.89,34.3,32.9,31.1,33.1
2026-02-24 08:06:15,34.6,2085,93.1,91.86,33,29.6,32.4,33.2
2026-02-24 08:06:16,40.9,2126,85.4,91.83,31.5,30.9,34.3,34.4
2026-02-24 08:06:17,28.4,1558,84.8,91.78,31.9,31.9,33.3,29.9
2026-02-24 08:06:18,47,3106,86.2,91.77,32.1,31.1,32,32.2
2026-02-24 08:06:19,71.8,4010,100.4,91.75,33.1,30.6,34.6,32.6
2026-02-24 08:06:20,81.3,4706,94.4,91.73,33.3,32.5,31.9,33.4
2026-02-24 08:06:21,28.8,1963,100.9,91.72,32.4,32.4,35.7,33.2
2026-02-24 08:06:22,52.3,3252,87.9,91.7,32.1,32.5,32.9,29.7
2026-02-24 08:06:23,65.8,3768,91.7,91.7,31.7,33.1,29.1,33.7
2026-02-24 08:06:24,42.1,3022,95.8,91.7,30.1,33.8,33.4,32.7
2026-02-24 08:06:25,41.7,2145,94.1,91.68,31.9,31,32.5,33.4
2026-02-24 08:06:26,40.4,2849,84.9,91.63,32,32.4,32.8,31.3
2026-02-24 08:06:27,54,3484,83.1,91.6,32.1,33.6,33.7,31.4
2026-02-24 08:06:28,66,3331,77.3,91.54,31.9,31.8,33.9,33.4
2026-02-24 08:06:29,55.3,3414,95.9,91.54,31.7,31.4,35,32.9
2026-02-24 08:06:30,49.8,3228,95.6,91.49,31,32.2,33,33.3
2026-02-24 08:06:31,40.5,2192,92,91.44,31.2,30.4,30.3,31.7
2026-02-24 08:06:32,52.5,3147,104.2,91.44,29.9,30.8,35.5,30.6
2026-02-24 08:06:33,36.8,1721,93.7,91.44,34.1,32,32.2,32.3
2026-02-24 08:06:34,40.8,2176,89,91.43,32.5,32.2,32.6,32.2
2026-02-24 08:06:35,61.4,3725,99,91.39,31.1,31.7,31.5,32
2026-02-24 08:06:36,51.6,3177,98,91.37,31.4,32.5,34.5,32.2
2026-02-24 08:06:37,48.6,2894,87.8,91.33,32.6,31,32.7,34.2
2026-02-24 08:06:38,41.2,2240,92.4,91.33,32.6,32.5,31.7,32.8
2026-02-24 08:06:39,59,3718,97.3,91.33,30.5,30.3,31.9,32.4
2026-02-24 08:06:40,65,4298,97.7,91.28,32.5,32.2,34.1,31.3
2026-02-24 08:06:41,32,1740,91.2,91.26,31.7,31.3,33.2,32.5
2026-02-24 08:06:42,45.8,2765,84.3,91.24,31.1,32.2,33.6,32.1
2026-02-24 08:06:43,45.7,2583,102,91.21,31.7,32.4,33,31.4
2026-02-24 08:06:44,36.3,2154,92.8,91.17,32.3,30.7,33.4,32.9
2026-02-24 08:06:45,30,1848,89.2,91.17,33.6,32.4,33.1,35.3
2026-02-24 08:06:46,45,2669,90.2,91.17,30.1,32.7,30.2,32.8
2026-02-24 08:06:47,54.8,3182,89.4,91.14,30.9,32.6,32.3,33
2026-02-24 08:06:48,67.2,3891,81.8,91.08,29.9,34.2,33.2,33
2026-02-24 08:06:49,16.4,994,91,91.06,31.4,33.5,33.8,32
2026-02-24 08:06:50,34.5,2010,97.9,91.05,33,32.4,34,33.4
2026-02-24 08:06:51,40.3,2255,105.7,91.04,33.2,33.1,33,32.3
2026-02-24 08:06:52,20.1,1319,88.8,91.03,33.5,34.4,32.2,32.3
2026-02-24 08:06:53,33.7,2143,90.9,91.03,32.7,31.7,35.6,32.7
2026-02-24 08:06:54,33.3,2049,95.9,91.03,32.8,30.5,32.7,33.9
2026-02-24 08:06:55,34.2,1722,91,91,30.6,31.3,33.5,31.1
2026-02-24 08:06:56,12.2,853,88.8,90.97,31.3,31.2,32.7,31.9
2026-02-24 08:06:57,48.2,3020,90,90.97,33.5,34.4,34,34.1
2026-02-24 08:06:58,35.5,2045,93.3,90.96,31.2,33.3,34.1,34
2026-02-24 08:06:59,67.8,4234,78.5,90.93,32.6,32.1,31.7,31.9
2026-02-24 08:07:00,56.9,3793,88.1,90.93,31.4,30.8,33.1,33.2
2026-02-24 08:07:01,23.2,1490,92.8,90.93,31.6,32,33.3,33.2
2026-02-24 08:07:02,46.5,3020,95,90.9,30.9,33.2,32.1,33.1
2026-02-24 08:07:03,36.1,2551,86.1,90.87,31.7,30.7,32.6,33.9
2026-02-24 08:07:04,58.3,3996,88.4,90.87,32.2,29.6,32.1,33.5
2026-02-24 08:07:05,45.8,2604,81.9,90.87,32.3,33,31.8,35.2
2026-02-24 08:07:06,36.6,2074,94.8,90.84,32.3,30.3,32.9,35.2
2026-02-24 08:07:07,51.6,2997,95.8,90.83,32,33.5,34.4,33.9
2026-02-24 08:07:08,47.3,3168,91.6,90.78,31.9,32.9,32,32.5
2026-02-24 08:07:09,42.5,2725,92.2,90.76,33.4,30.1,32,31.7
2026-02-24 08:07:10,75.3,4805,76.9,90.71,32,31.9,35.7,32.1
2026-02-24 08:07:11,37.1,2316,100.5,90.69,32.2,30.4,32.1,31.9
2026-02-24 08:07:12,37.9,2187,90.2,90.67,33.7,29.8,33.3,32.1
2026-02-24 08:07:13,21.8,871,88.4,90.63,31.2,31.1,31.6,33.2
2026-02-24 08:07:14,44.4,2153,92.1,90.59,30.9,31.3,34.2,30.6
2026-02-24 08:07:15,58.4,4107,95.6,90.57,33.4,33.5,33.4,35.2
2026-02-24 08:07:16,13.9,835,101.4,90.53,35,32,33.9,30.8
2026-02-24 08:07:17,41.2,2639,94.3,90.48,32.1,32.2,32.7,32.5
2026-02-24 08:07:18,27.3,1846,85.3,90.45,33.4,31.1,29.9,34.3
2026-02-24 08:07:19,66.6,4430,91.5,90.42,31.1,31.8,33.7,32.1
2026-02-24 08:07:20,65.4,4114,92.6,90.41,31.4,31.7,34.9,33.7
2026-02-24 08:07:21,50,3008,93,90.38,33.3,31.7,32.7,33.1
2026-02-24 08:07:22,66.4,4207,97.9,90.35,30.7,32.4,33.9,34
2026-02-24 08:07:23,32,2024,91.5,90.3,30.8,32.3,31.8,34.4
2026-02-24 08:07:24,59.3,3369,87.3,90.28,34.3,28.2,34,32.6
2026-02-24 08:07:25,36.2,2460,100.4,90.26,30.1,32.2,32.1,34.3
2026-02-24 08:07:26,49.8,3037,108.5,90.26,33,32.2,32.4,34.1
2026-02-24 08:07:27,40.5,2420,90.2,90.23,33.5,31.5,32.2,32.8
2026-02-24 08:07:28,40.8,2172,97.6,90.2,33.6,33.4,33.4,35.4
2026-02-24 08:07:29,53.2,3536,98.5,90.17,32.1,31.1,33,34.4
2026-02-24 08:07:30,25.4,1407,97.5,90.15,32.3,32.3,32.8,32.2
2026-02-24 08:07:31,41.2,2442,89.6,90.13,32.5,33,31.3,32.8
2026-02-24 08:07:32,47.6,2848,96,90.11,32.5,32.3,32.7,33.6
2026-02-24 08:07:33,38.9,2317,99.4,90.08,32,31.8,33.4,33.6
2026-02-24 08:07:34,46.6,2963,109.9,90.04,31.4,30.6,34.7,33.9
2026-02-24 08:07:35,40.2,2683,94.4,90.03,32.3,33.3,34.3,31.7
2026-02-24 08:07:36,69.3,4319,92.4,90.03,33.1,31.1,33.6,35.6
2026-02-24 08:07:37,55.7,2901,86.3,90,32.4,33.2,33.6,34.1
2026-02-24 08:07:38,89.5,4647,92.1,90,32.1,32.9,32.8,34.4
2026-02-24 08:07:39,33.1,1876,96.2,89.98,32,32.8,31.9,32.9
2026-02-24 08:07:40,57.2,3378,96,89.96,30.4,31.7,33.4,32.8
2026-02-24 08:07:41,76.5,4545,86.6,89.93,33.1,29.3,32,33.6
2026-02-24 08:07:42,49.5,2552,92,89.9,32.4,32.8,32.8,33.7
2026-02-24 08:07:43,28.8,1524,85.5,89.88,32.6,31.5,35.1,33.6
2026-02-24 08:07:44,29.9,1248,94.4,89.85,32.4,30.7,31.5,32.1
2026-02-24 08:07:45,44.5,3462,92.5,89.8,32.1,30.6,32,34.5
2026-02-24 08:07:46,64.6,4040,99.3,89.78,32.8,31.3,33.6,30.2
2026-02-24 08:07:47,56.3,3376,92.9,89.75,33.1,31.5,34,34
2026-02-24 08:07:48,12.9,700,98,89.73,29.1,33.2,31.6,31.8
2026-02-24 08:07:49,34.5,1990,95.5,89.68,32.7,32.4,33.9,33.4
2026-02-24 08:07:50,44.9,2940,86.9,89.64,33.4,31.4,33.4,32.3
2026-02-24 08:07:51,23.1,1619,83.1,89.63,31.5,32.2,33.8,33.5
2026-02-24 08:07:52,55.4,3460,91.8,89.57,33,33.1,33.6,32.9
2026-02-24 08:07:53,8.1,909,105.2,89.53,33.9,31.2,34.2,32.7
2026-02-24 08:07:54,47.1,2283,96.6,89.51,33.7,33.5,32,34
2026-02-24 08:07:55,39.1,2015,95.1,89.51,30.2,31.3,34.7,34.5
2026-02-24 08:07:56,37.6,2250,95.8,89.49,28.6,31.7,33.8,33.1
2026-02-24 08:07:57,40.7,2487,99.7,89.43,32.2,32.2,34,31.9
2026-02-24 08:07:58,49.7,2822,102.1,89.4,32.6,33.2,34,33
2026-02-24 08:07:59,50.9,3413,97.8,89.39,32.6,34.1,33.1,29.7
2026-02-24 08:08:00,41.6,1883,99.8,89.37,33,33,32.7,32
2026-02-24 08:08:01,16.1,700,98.2,89.36,30.3,29.8,34.1,33.9
2026-02-24 08:08:02,23.4,1885,100.4,89.35,31.4,30.9,32.4,34.6
2026-02-24 08:08:03,23,1648,98.9,89.33,32.9,31.9,33,32.8
2026-02-24 08:08:04,56.4,2929,82.4,89.29,31,31.2,33.6,33.1
2026-02-24 08:08:05,41.3,2725,87.5,89.28,33.3,31.4,32.5,33.7
2026-02-24 08:08:06,49,3050,90.6,89.28,32.5,32.1,35.3,32.4
2026-02-24 08:08:07,21.6,897,91.9,89.22,34.6,30.9,32.5,33.9
2026-02-24 08:08:08,37,2328,103.8,89.19,32.3,31.3,35,33.9
2026-02-24 08:08:09,53.4,3472,94.3,89.17,32,32.8,33.6,36.4
2026-02-24 08:08:10,42.3,2239,98.4,89.16,32.7,28.1,33,33.5
2026-02-24 08:08:11,43.3,2754,90.4,89.15,30.2,32.2,31,32.4
2026-02-24 08:08:12,43.9,2263,93.1,89.15,33.2,30.9,31.4,33.9
2026-02-24 08:08:13,63.2,3951,90.9,89.11,32.9,32.4,34.1,32.7
2026-02-24 08:08:14,35.8,1853,91.1,89.07,34.4,31.1,33.3,32.1
2026-02-24 08:08:15,55.1,3193,102.7,89.04,34.1,31.6,30,30.8
2026-02-24 08:08:16,58.5,3197,93.9,89,32.2,32.8,32.6,32.3
2026-02-24 08:08:17,27.2,1841,94.2,88.97,32.5,33.1,32.4,32.8
2026-02-24 08:08:18,46.8,2765,91.7,88.96,31.3,32.6,31.5,31.9
2026-02-24 08:08:19,44.8,2838,88.4,88.96,33.8,30.2,33.2,30.9
2026-02-24 08:08:20,60.4,3809,90.8,88.92,32.1,33.1,32.5,33.3
2026-02-24 08:08:21,58.7,3521,84.7,88.92,30.7,30.9,31.9,33.1
2026-02-24 08:08:22,45,2673,91.9,88.88,33.4,35.2,34.8,34.4
2026-02-24 08:08:23,47,2940,87.5,88.86,33.3,33.4,33.3,35
2026-02-24 08:08:24,34.2,2229,99.1,88.85,33.1,33.5,30.5,34
2026-02-24 08:08:25,42,2515,101.1,88.85,33.2,34.2,34.2,33.1
2026-02-24 08:08:26,29.6,1902,85,88.85,32.9,31.9,32.6,32.9
2026-02-24 08:08:27,30.5,2070,84.2,88.83,33.2,31.1,34,32.3
2026-02-24 08:08:28,26.7,1806,89.1,88.82,32.3,31.6,33.4,32.9
2026-02-24 08:08:29,57.5,3843,91.6,88.79,34,32.7,32.2,32.8
2026-02-24 08:08:30,61.7,3135,92.8,88.76,32.5,32.8,34.1,33.6
2026-02-24 08:08:31,38.8,2431,96.8,88.74,33.4,32,32.8,32.1
2026-02-24 08:08:32,28.1,1732,85.9,88.68,31.3,32.5,31.7,32.2
2026-02-24 08:08:33,43.7,2392,93.5,88.67,30.2,33.3,32.5,33.8
2026-02-24 08:08:34,78.6,4490,88.2,88.67,32.6,31.2,32.8,33
2026-02-24 08:08:35,75.6,4693,88.4,88.64,31.1,32.5,33.2,32.1
2026-02-24 08:08:36,19.2,1045,95.3,88.6,29,29.7,31.8,33.8
2026-02-24 08:08:37,39.6,2298,92.7,88.6,32.5,32.4,33.9,32.3
2026-02-24 08:08:38,68,4232,96.3,88.57,32.9,33.3,33,32.5
2026-02-24 08:08:39,44.4,3007,87.1,88.54,33.3,32.8,32.8,33.5
2026-02-24 08:08:40,69,4760,92.5,88.53,30.9,31.9,31.2,35.2
2026-02-24 08:08:41,40,2631,90.9,88.49,31.7,32.9,32.8,29.9
2026-02-24 08:08:42,54.1,3847,98.1,88.49,34.1,34.1,33.4,33.9
2026-02-24 08:08:43,48.4,3285,91.8,88.47,32.7,31.9,32.3,34
2026-02-24 08:08:44,93.4,5704,87.2,88.44,31.6,29.2,31.3,35.3
2026-02-24 08:08:45,58.8,3604,96.3,88.38,33.8,32.5,33.9,33.7
2026-02-24 08:08:46,26.9,2193,95.2,88.38,32.3,32.9,32.6,32
2026-02-24 08:08:47,35.9,1850,96.9,88.38,31.1,32.6,32.6,33.9
2026-02-24 08:08:48,50.6,3055,93,88.38,30.9,34,33,32.6
2026-02-24 08:08:49,16.5,1048,87,88.38,32.2,31.3,32.2,32.5
2026-02-24 08:08:50,17.9,700,83.1,88.37,33,32.2,34.3,32.9
2026-02-24 08:08:51,28.2,1586,98.6,88.36,32.8,34,31.9,34.3
2026-02-24 08:08:52,39.8,2492,97.6,88.36,32.8,31.1,33,32.5
2026-02-24 08:08:53,63.6,2967,92.2,88.31,30.9,31.1,30.9,31.3
2026-02-24 08:08:54,40.9,2564,77.6,88.3,32.6,31.5,30.8,32.5
2026-02-24 08:08:55,47.4,2758,91.4,88.27,33,29.9,34,31
2026-02-24 08:08:56,44,2773,96.9,88.25,30,31.9,34.4,33
2026-02-24 08:08:57,34.4,2279,89.1,88.25,34.3,30.5,34.1,34.2
2026-02-24 08:08:58,65.4,4351,93.9,88.25,32.8,29.8,33.7,30.5
2026-02-24 08:08:59,28.6,1210,85.8,88.21,32.5,32.9,31.7,34.5
2026-02-24 08:09:00,41.6,2509,95.1,88.21,31.7,30.8,33.9,32.6
2026-02-24 08:09:01,39.8,2198,84,88.18,31.4,33.6,31.7,32.8
2026-02-24 08:09:02,53,3189,88.7,88.15,30.8,31.7,35,33.8
2026-02-24 08:09:03,69.1,4107,99.4,88.13,31.6,32.2,34.9,34.3
2026-02-24 08:09:04,52.7,2809,90.7,88.12,32.3,34.1,33.4,32
2026-02-24 08:09:05,65.7,3400,100.5,88.07,31.2,32.5,33.8,32.6
2026-02-24 08:09:06,56.4,4020,94.2,88.05,31.4,31.5,32.6,34.2
2026-02-24 08:09:07,35.6,1739,99.4,88.03,30.4,31.5,34.4,32.8
2026-02-24 08:09:08,46.2,2855,91.6,88.01,31,32.1,32.4,33.2
2026-02-24 08:09:09,65.6,3603,96.1,87.98,33.1,32.1,31.1,31.8
2026-02-24 08:09:10,21.6,1748,95.2,87.96,29.8,31.7,32.4,32.7
2026-02-24 08:09:11,49.9,2464,89.7,87.96,32,31.7,33.8,32.9
2026-02-24 08:09:12,42.6,2289,101.6,87.9,31.4,32.2,33.9,32.6
2026-02-24 08:09:13,58.2,3126,97.3,87.87,32,32.6,31.7,32.9
2026-02-24 08:09:14,56.3,3393,87.1,87.87,33.2,30.8,34.6,33.3
2026-02-24 08:09:15,49.5,2823,99.1,87.87,31.6,31,33.1,32.1
2026-02-24 08:09:16,67.4,4760,89.1,87.85,31.7,31.6,32.8,34.8
2026-02-24 08:09:17,22.1,1325,76.3,87.85,31.5,31.5,34.5,32.6
2026-02-24 08:09:18,58.7,3922,90.7,87.83,31.3,31.6,35.8,33.7
2026-02-24 08:09:19,21.3,1524,86.4,87.79,32.7,32,33.7,32.3
2026-02-24 08:09:20,53.8,3434,89.6,87.78,31.9,34,31,32.3
2026-02-24 08:09:21,46.3,2933,88.4,87.76,31.6,31.4,33.9,31.7
2026-02-24 08:09:22,59.5,3652,77.3,87.74,31.8,31.1,32.3,32
2026-02-24 08:09:23,46.2,2558,89,87.74,32,33.7,33.2,32.2
2026-02-24 08:09:24,21.5,1187,97.8,87.73,33.6,31.4,31.6,34.2
2026-02-24 08:09:25,14.9,1035,81.9,87.7,30.3,30.2,33.7,32.4
2026-02-24 08:09:26,53.1,2443,100.7,87.69,32.2,29.9,34.2,31.7
2026-02-24 08:09:27,43.9,2077,101.2,87.68,31.1,30.6,33.3,32.9
2026-02-24 08:09:28,36.4,2058,86.3,87.68,32.1,30.6,35.2,33.3
2026-02-24 08:09:29,40.3,1858,105.8,87.68,32.3,31.8,30.9,35.7
2026-02-24 08:09:30,34.9,2128,85.4,87.65,33.1,30.2,33.2,34.3
2026-02-24 08:09:31,42.6,2697,92.9,87.63,31.7,32.5,32.5,31.8
2026-02-24 08:09:32,31,2125,89.6,87.6,31.1,31,35.5,33.3
2026-02-24 08:09:33,15.3,1252,99.6,87.56,33.3,31.7,32.9,33.2
2026-02-24 08:09:34,41.7,2672,84.5,87.55,30.3,32.6,33.4,34.2
2026-02-24 08:09:35,60.7,3806,89.2,87.55,34.7,32.5,32.7,33.1
2026-02-24 08:09:36,73.2,4464,83.1,87.52,30.2,30.4,31.1,31.3
2026-02-24 08:09:37,45,2710,97,87.5,33.1,31.1,33.7,32.2
2026-02-24 08:09:38,43.8,2386,95.4,87.48,34,31.9,32.2,31.1
2026-02-24 08:09:39,59.4,4232,91.2,87.44,29.8,31.9,32.4,31.3
2026-02-24 08:09:40,45.8,2510,87.2,87.44,30,29.6,35.4,34.6
2026-02-24 08:09:41,38.5,2819,86.2,87.42,33.6,30.4,32,34.3
2026-02-24 08:09:42,18.9,1416,92.6,87.39,31.2,32.6,33.4,32.6
2026-02-24 08:09:43,26,2171,83.6,87.34,32.4,31.2,32.9,33.6
2026-02-24 08:09:44,51.1,3285,104.3,87.27,37.2,30,33.1,33.1
2026-02-24 08:09:45,23.1,1260,85.4,87.23,31.8,31.5,35.2,33.2
2026-02-24 08:09:46,60.7,3549,91.6,87.21,32.2,30.2,32.8,34.6
2026-02-24 08:09:47,24.8,1080,88.4,87.18,30.2,33.1,32.8,33.1
2026-02-24 08:09:48,42.1,2837,90.4,87.12,32.6,34.4,35.1,32.7
2026-02-24 08:09:49,45,2714,91.5,87.11,30,32.1,34.5,32.5
2026-02-24 08:09:50,44.8,2671,95.2,87.1,32.9,31.7,33.4,33.7
2026-02-24 08:09:51,47.3,2861,87,87.1,30,31.8,33.5,33.8
2026-02-24 08:09:52,54,3050,86.2,87.1,30.6,32.2,33.8,32.9
2026-02-24 08:09:53,43.1,2459,96.7,87.09,31,31.6,33.9,32.4
2026-02-24 08:09:54,41.3,2711,104.1,87.09,32.9,30.4,34.7,32.7
2026-02-24 08:09:55,47.4,3237,96.3,87.07,33.7,32.7,32.5,33.3
2026-02-24 08:09:56,38.5,2327,94.7,87.02,33.3,29.4,33.1,32.5
2026-02-24 08:09:57,68.1,4160,93.1,87.02,30.2,31.3,31.3,33.6
2026-02-24 08:09:58,12.4,814,92.5,87.02,31.6,31.7,34.6,34.5
2026-02-24 08:09:59,60.4,3681,80.4,86.99,31.2,31.7,33.6,33.4
2026-02-24 08:10:00,41.3,2405,95.4,86.99,30.3,33,29.8,31.9
2026-02-24 08:10:01,51.3,3250,89,86.99,32,30.1,33.9,33.9
2026-02-24 08:10:02,59.8,3800,93.8,86.97,33,30.4,34.1,33.2
2026-02-24 08:10:03,57.5,3511,101,86.94,32.4,31.4,33.6,34.3
2026-02-24 08:10:04,35.1,2272,91.2,86.94,33.9,33.4,34.3,32.7
2026-02-24 08:10:05,68.5,3939,95.5,86.92,32,30.1,33.3,31.3
2026-02-24 08:10:06,20.7,1300,87.7,86.9,31.5,33,32.7,31.7
2026-02-24 08:10:07,58,3666,100.4,86.87,32.2,31.8,32.3,33.2
2026-02-24 08:10:08,37.3,2206,100.6,86.87,31.5,32.7,31,34.3
2026-02-24 08:10:09,16.2,935,96.6,86.86,32.2,33.4,33.3,31.9
2026-02-24 08:10:10,17,880,96.8,86.83,31.7,31.4,31.9,33.1
2026-02-24 08:10:11,48.7,3094,93.8,86.79,32.2,31.9,32.7,34.2
2026-02-24 08:10:12,78.4,4780,94.3,86.78,31,31.1,31.7,32.6
2026-02-24 08:10:13,49.1,3748,95,86.78,32.3,29.8,35.2,32.3
2026-02-24 08:10:14,62,3680,91,86.77,33.6,32.6,31.5,33.6
2026-02-24 08:10:15,57.6,3489,88.7,86.76,29.6,32,35.1,32.3
2026-02-24 08:10:16,35.2,1809,90.2,86.7,31,31.2,33.1,30.6
2026-02-24 08:10:17,59.3,3824,95.2,86.62,32,34.3,34.1,33.7
2026-02-24 08:10:18,50.3,2926,89.7,86.6,30.8,32.1,32.3,32.8
2026-02-24 08:10:19,48.1,2926,80.4,86.6,33.1,32.2,32.9,31.6
2026-02-24 08:10:20,60,3884,96.4,86.56,31.8,30.5,32.3,32.4
2026-02-24 08:10:21,56.2,3830,93.4,86.55,32.6,33.1,30.8,31
2026-02-24 08:10:22,35.6,2062,87.9,86.55,32.1,30.7,34.3,31.6
2026-02-24 08:10:23,50.9,2947,90.6,86.55,29.7,30.9,35.3,33.5
2026-02-24 08:10:24,31.6,1958,94.4,86.52,30.1,31.6,31.7,32.9
2026-02-24 08:10:25,54.5,3633,101.9,86.52,32.3,33.9,33.3,32.9
2026-02-24 08:10:26,38.5,2345,98.4,86.52,31.8,31.5,32.1,32.1
2026-02-24 08:10:27,51.8,3166,88.4,86.5,33.1,32.6,32.6,33.3
2026-02-24 08:10:28,50.5,3266,106.8,86.48,33.1,30.8,32.5,33.1
2026-02-24 08:10:29,40.9,2676,99.8,86.45,29.9,32.5,33.4,35.1
2026-02-24 08:10:30,52,3446,94.9,86.4,31.8,33.5,33.1,31.6
2026-02-24 08:10:31,53.6,2630,94.3,86.37,32.7,32.6,33.2,33.1
2026-02-24 08:10:32,41.5,2135,89,86.37,32.9,32,32.8,33.1
2026-02-24 08:10:33,62.6,3402,95.3,86.35,32.9,33.1,33.6,36.4
2026-02-24 08:10:34,65.9,4067,96,86.31,32.6,31.5,33.1,33.8
2026-02-24 08:10:35,35.1,1699,91.3,86.3,34.4,31.6,33.3,33.3
2026-02-24 08:10:36,33.3,1929,94.8,86.3,30.3,31.1,35.8,33.9
2026-02-24 08:10:37,52.7,3289,86.8,86.28,30.4,32.4,32.8,31.9
2026-02-24 08:10:38,31.3,2460,99,86.23,30.8,31.8,32.6,32.9
2026-02-24 08:10:39,38.3,2226,91.5,86.2,33.2,32.1,32.8,34.3
2026-02-24 08:10:40,57,3414,81,86.17,34.2,34.3,31.8,33.2
2026-02-24 08:10:41,36.4,2255,89.3,86.17,32,31.2,34.6,30.6
2026-02-24 08:10:42,16.1,787,93.6,86.12,30.9,30.8,33,33.8
2026-02-24 08:10:43,55,2340,95.6,86.12,30.7,29.9,33.5,32.9
2026-02-24 08:10:44,21,1713,85.1,86.1,33,29.6,33,31.8
2026-02-24 08:10:45,24.7,1379,92.3,86.1,32.4,30.1,32.6,34.1
2026-02-24 08:10:46,0,700,91.4,86.09,32.4,34.3,32.4,34.2
2026-02-24 08:10:47,57.5,3536,89.1,86.08,29.4,33,32.3,33.3
2026-02-24 08:10:48,48.8,2743,86.3,86.04,29.5,33.1,35.4,32.5
2026-02-24 08:10:49,51.9,3390,83.8,86.03,32.3,30,31.8,33.7
2026-02-24 08:10:50,57.7,3326,93.4,86.03,34.4,32.8,34.1,34.5
2026-02-24 08:10:51,44.4,2921,85.3,85.96,32,30.6,32.8,32.7
2026-02-24 08:10:52,28.4,1634,87.2,85.93,32.7,31,31.3,33.5
2026-02-24 08:10:53,53.5,2916,96.7,85.9,32.3,32,33.6,33
2026-02-24 08:10:54,64.6,4097,88.9,85.9,30.2,32.7,33,34.4
2026-02-24 08:10:55,22.5,2082,93.9,85.86,33.5,31.7,31.9,33.3
2026-02-24 08:10:56,35.9,1856,98.2,85.83,33.5,31.6,33,35.3
2026-02-24 08:10:57,40.6,2304,93.2,85.81,34.1,31.2,33.5,33
2026-02-24 08:10:58,25.7,1191,92.5,85.81,30.3,31.7,34.3,34.6
2026-02-24 08:10:59,55.4,3802,88.4,85.76,31,28.8,31.5,33.1
2026-02-24 08:11:00,36,2198,87.4,85.7,34.8,30.6,33.1,32.8
2026-02-24 08:11:01,63.9,3136,86.8,85.68,29.8,31.8,32.3,32.6
2026-02-24 08:11:02,45.8,2089,94.1,85.67,31.5,34.6,32.2,32.7
2026-02-24 08:11:03,55.9,3636,80.8,85.65,32.8,30.9,33,31.2
2026-02-24 08:11:04,68.4,4194,94.5,85.6,32.3,30.8,34.4,31.9
2026-02-24 08:11:05,49,2343,84.9,85.6,32.4,31.6,32.1,33.2
2026-02-24 08:11:06,61.2,3311,93,85.56,31,29,32.7,32.2
2026-02-24 08:11:07,48.2,3012,99.6,85.56,33,32.5,33.6,32.6
2026-02-24 08:11:08,22.3,1351,95.1,85.56,30.3,34.2,31.8,34.8
2026-02-24 08:11:09,45.3,2158,90.4,85.56,31.3,34.1,32.1,34.1
2026-02-24 08:11:10,55.8,3574,93.9,85.53,31.7,31.1,33.7,30.9
2026-02-24 08:11:11,52.3,3010,82.1,85.53,30.9,32.2,32.1,34.4
2026-02-24 08:11:12,42.4,2917,88.7,85.53,33.1,33.1,33.4,31.5
2026-02-24 08:11:13,26.7,1737,118.3,85.53,32,33.5,32.2,33.1
2026-02-24 08:11:14,54.7,3637,75.9,85.52,32.9,33,34.2,33.9
2026-02-24 08:11:15,31.3,1289,102.6,85.51,32.2,30.4,33.6,31.9
2026-02-24 08:11:16,26.2,1796,94,85.45,31.5,30,34.2,33.2
2026-02-24 08:11:17,53.9,3549,98.3,85.41,33,32.4,32.8,34.2
2026-02-24 08:11:18,26.5,1747,91.9,85.4,34.4,32.3,34.4,33
2026-02-24 08:11:19,48.7,2587,94.9,85.36,32.9,30.1,32.8,35.4
2026-02-24 08:11:20,45,2686,103.4,85.34,33.1,33,33.8,33.7
2026-02-24 08:11:21,25.1,931,92.2,85.33,32,32.9,33,32.9
2026-02-24 08:11:22,62.7,3590,93.9,85.3,33.5,30.4,34.4,32.1
2026-02-24 08:11:23,36.1,1942,95.3,85.28,32.2,32.1,34.6,33.1
2026-02-24 08:11:24,63,3884,94.3,85.24,32.4,32.1,32.5,32.3
2026-02-24 08:11:25,37.9,2923,95.8,85.23,32.3,31.5,31.9,32.8
2026-02-24 08:11:26,36.4,2285,90.6,85.22,31.4,33.3,31.7,33.3
2026-02-24 08:11:27,44.5,2545,90.1,85.21,32.8,30.7,32.1,34.9
2026-02-24 08:11:28,39.6,2653,85.1,85.17,30.2,32.1,31,32
2026-02-24 08:11:29,39.7,2612,90,85.14,31.7,31,34.7,33.1
2026-02-24 08:11:30,31.8,1983,89.5,85.11,30.5,31.4,32.5,31.4
2026-02-24 08:11:31,26.8,1411,88.5,85.1,30.3,33,31.6,34
2026-02-24 08:11:32,54.2,3427,95,85.09,32.4,32.5,31.1,35.2
2026-02-24 08:11:33,32.9,2181,93.8,85.09,30.3,31.6,33.6,31.6
2026-02-24 08:11:34,24.4,1552,85.5,85.09,31.9,30.7,31.6,32.4
2026-02-24 08:11:35,37.4,2821,89.5,85.06,31.7,32.1,33.2,35.4
2026-02-24 08:11:36,33,2672,93.5,85.06,30.2,30.9,31.8,32.5
2026-02-24 08:11:37,12.1,700,94.1,85.05,29.9,31.3,32.3,33.6
2026-02-24 08:11:38,40.6,2556,92.7,85.02,32.6,30.4,33.2,33.1
2026-02-24 08:11:39,47.5,2480,88.4,85.02,32.5,30.3,35.1,32.5
2026-02-24 08:11:40,49.4,2801,102.1,84.96,31.5,29.8,32.9,33.1
2026-02-24 08:11:41,50.9,2924,94.8,84.94,31.2,31.6,33.4,31.3
2026-02-24 08:11:42,30,1758,88.3,84.92,22,30,32.4,34.3
2026-02-24 08:11:43,40.1,2933,99.5,84.89,30.9,35,29.9,31.5
2026-02-24 08:11:44,29.9,1545,89.5,84.87,30.2,32.1,33.9,32.5
2026-02-24 08:11:45,35.5,2284,102.1,84.87,33.7,30.8,34.1,33.2
2026-02-24 08:11:46,26.9,1850,92.2,84.85,29.7,33.4,34.1,33.8
2026-02-24 08:11:47,28.3,1771,85.7,84.85,30.2,31.8,32.2,32.5
2026-02-24 08:11:48,54.4,3432,94.7,84.82,32.7,31.8,31.7,32.5
2026-02-24 08:11:49,40.9,2259,99.4,84.8,30,31.2,33.5,31.8
2026-02-24 08:11:50,41.1,2328,87.2,84.78,33.3,31.4,30.7,35.1
2026-02-24 08:11:51,70.9,4050,85.8,84.77,32.2,30.4,30.8,33.2
2026-02-24 08:11:52,44.1,1988,93.7,84.75,33.7,31.8,32.2,32.2
2026-02-24 08:11:53,36.9,2402,81,84.74,31.9,30.7,33,31.7
2026-02-24 08:11:54,56.2,3247,90,84.71,32.4,32.3,30.9,34.4
2026-02-24 08:11:55,37.7,2209,88.5,84.7,32.7,34,32.4,33.2
2026-02-24 08:11:56,65.6,4136,96,84.68,32.3,32.5,31.8,32.5
2026-02-24 08:11:57,39.3,2373,80.9,84.66,32.3,32.2,32.9,33.3
2026-02-24 08:11:58,35.8,2115,82.9,84.66,32.4,33.3,30.8,34.4
2026-02-24 08:11:59,27.5,1491,90.4,84.64,31.4,32.3,34.5,34.5
2026-02-24 08:12:00,49.9,3479,86.7,84.63,31.7,30.1,32.6,32.8
2026-02-24 08:12:01,67,4062,94.2,84.6,34,33,34,34.4
2026-02-24 08:12:02,39.7,2418,90.4,84.6,32.4,31,32.9,31.1
2026-02-24 08:12:03,48.9,3228,88.6,84.57,32.8,31.4,30.3,32
2026-02-24 08:12:04,50,3114,100.7,84.53,31.5,31.3,32.5,33.5
2026-02-24 08:12:05,66.3,3714,79.6,84.52,33.2,31.4,34.7,31.8
2026-02-24 08:12:06,55,3178,106.4,84.49,32.8,30.8,33.9,32.2
2026-02-24 08:12:07,28.9,1501,93.4,84.49,31.8,32.9,33.2,32
2026-02-24 08:12:08,34.5,1565,87.6,84.49,32.3,32.8,33.8,33.2
2026-02-24 08:12:09,33.8,1978,85.4,84.46,31.2,31.7,30,32.8
2026-02-24 08:12:10,47.1,3004,85.6,84.41,33.1,31.1,32.9,32.7
2026-02-24 08:12:11,44.9,2539,96.3,84.4,31.4,32.5,35.3,32
2026-02-24 08:12:12,50.5,3162,98.1,84.38,32.8,32.3,32.2,33.7
2026-02-24 08:12:13,35.1,2333,87.8,84.34,33.9,32.6,33.8,34.2
2026-02-24 08:12:14,39.4,2330,98.7,84.31,34.4,32.8,32.1,33.3
2026-02-24 08:12:15,56.1,3224,93.4,84.31,31,31.8,34.1,31.7
2026-02-24 08:12:16,43.5,2399,88.2,84.29,31.2,32.4,32.6,33.8
2026-02-24 08:12:17,35.2,2028,100,84.29,32.6,30.9,32.9,35.4
2026-02-24 08:12:18,59.6,4045,96.5,84.27,31.3,33.7,32.3,32.5
2026-02-24 08:12:19,45.2,2739,84.6,84.26,31.2,32.9,33.7,32.1
2026-02-24 08:12:20,31.3,1739,97,84.25,34.4,34.3,34.4,30.2
2026-02-24 08:12:21,70.6,4101,100,84.23,34.3,30.2,34.1,31.6
2026-02-24 08:12:22,27.5,1672,90.7,84.23,32.9,34.1,30.6,32.7
2026-02-24 08:12:23,18.3,1137,88.5,84.22,33.7,31.1,32.9,32.4
2026-02-24 08:12:24,11.2,1076,96.8,84.18,31.2,31,31.2,33.6
2026-02-24 08:12:25,54.8,3161,101.3,84.17,32,31.7,33.6,31.1
2026-02-24 08:12:26,37,2513,89.3,84.17,33.1,29.4,33.6,33.2
2026-02-24 08:12:27,40.9,2265,94.6,84.15,33.5,32.2,33.7,32.5
2026-02-24 08:12:28,49.3,3024,102.9,84.15,30.9,31.7,33,33.1
2026-02-24 08:12:29,38,2176,90.5,84.15,30.4,33.2,34.2,33.5
2026-02-24 08:12:30,20.9,1556,89.8,84.13,34.9,31.7,29.1,32.9
2026-02-24 08:12:31,15.8,1367,88,84.13,34.8,33.8,32.6,31.8
2026-02-24 08:12:32,39.9,2855,85.5,84.11,33.8,30.9,32.6,32.8
2026-02-24 08:12:33,47.6,3061,83.9,84.07,33.1,33.2,34,35
2026-02-24 08:12:34,10.8,700,95.6,84.07,30.3,34.5,33.5,34.3
2026-02-24 08:12:35,49.4,2927,90.2,84.07,33.6,32.8,34.7,32.5
2026-02-24 08:12:36,51.3,3168,83.5,84.05,31.6,32.2,31.8,29.8
2026-02-24 08:12:37,64.4,3238,95.1,84.04,32.2,32,31.6,35
2026-02-24 08:12:38,47.5,3276,88.4,84.02,28.8,31.5,32.5,31.9
2026-02-24 08:12:39,48.1,2565,81.7,83.99,33.5,32.1,33.9,32.4
2026-02-24 08:12:40,54.1,3108,88,83.95,32.3,30.6,34.3,31.8
2026-02-24 08:12:41,44.7,3081,85.6,83.94,30.7,35.4,33.8,33.4
2026-02-24 08:12:42,43.8,2751,91.5,83.9,31.9,31.9,32.9,31.4
2026-02-24 08:12:43,46.7,2944,96.5,83.85,30.4,31.2,32.2,34.4
2026-02-24 08:12:44,56.2,3147,98,83.85,31.3,31,34.5,32.7
2026-02-24 08:12:45,38.5,1829,94.9,83.8,32.9,33.1,33.3,34.3
2026-02-24 08:12:46,37.5,2013,87.4,83.75,32.4,31.6,33.5,32.8
2026-02-24 08:12:47,32,2071,94.9,83.71,32.8,33.8,33.2,34.1
2026-02-24 08:12:48,30.6,2051,85.5,83.67,31.5,33.6,32.7,31.6
2026-02-24 08:12:49,49.9,3007,96.3,83.67,34.3,33.1,33.2,33.4
2026-02-24 08:12:50,68.2,3974,91,83.65,30.7,32.3,35.4,33.6
2026-02-24 08:12:51,30.5,1944,89.6,83.62,33.1,30.9,31.6,31.9
2026-02-24 08:12:52,42.2,2345,95.7,83.61,32.6,32.4,32.3,32.1
2026-02-24 08:12:53,29.5,1923,94.1,83.6,31.4,31.3,32,32.8
2026-02-24 08:12:54,58.6,3186,80.5,83.58,32.9,30.6,33.8,33.3
2026-02-24 08:12:55,40.2,2970,80.1,83.58,34.9,33.5,31.7,32.5
2026-02-24 08:12:56,47.7,2051,104.4,83.53,31.4,29.7,32.6,32.4
2026-02-24 08:12:57,50.2,3437,93.1,83.48,30.5,35.3,34.1,31.2
2026-02-24 08:12:58,29.2,1555,100.1,83.46,30.8,31.5,33.3,31.4
2026-02-24 08:12:59,43.4,2980,100.5,83.46,32.1,32,33,36.2
2026-02-24 08:13:00,41.6,2058,91.6,83.42,31,34.9,35,33.9
2026-02-24 08:13:01,55.1,3207,84.2,83.41,30.7,32.9,30.7,32.9
2026-02-24 08:13:02,26.5,1653,83.4,83.37,31.1,31.8,32.9,32.4
2026-02-24 08:13:03,27,1317,77.5,83.32,33.2,30.6,31.8,31.1
2026-02-24 08:13:04,56.5,3230,101.4,83.29,32.4,31,34.1,31.5
2026-02-24 08:13:05,36.2,2321,91.6,83.26,28.8,32.3,32.8,33.2
2026-02-24 08:13:06,35.1,2271,97.2,83.24,31.9,32.5,33.5,32.3
2026-02-24 08:13:07,46.7,2434,90.8,83.23,31.5,30.4,32.8,31.6
2026-02-24 08:13:08,40.2,2110,99.6,83.23,31.5,32.6,34.1,33
2026-02-24 08:13:09,73,4442,93.8,83.21,31,31.6,33,33
2026-02-24 08:13:10,48.9,3359,93.9,83.16,33.7,31.8,30.4,30.7
2026-02-24 08:13:11,47.4,3068,90.4,83.13,30.8,32.6,32.7,30.7
2026-02-24 08:13:12,59,3084,91.5,83.11,32.1,31,31,32.2
2026-02-24 08:13:13,44.1,2430,97.6,83.11,33.3,31,31.8,33.1
2026-02-24 08:13:14,45.7,2191,75.8,83.1,32.6,32.4,32,33.4
2026-02-24 08:13:15,28.9,1969,86.9,83.1,32,34.1,32.6,33
2026-02-24 08:13:16,10.6,700,85.4,83.06,30.7,33.1,33.1,34.3
2026-02-24 08:13:17,26.9,1611,89.6,83.06,29.9,29.5,32.7,32.6
2026-02-24 08:13:18,46.7,2985,86,83.04,31.1,30.3,31.6,34.5
2026-02-24 08:13:19,29.5,1730,96.1,83,33,33,34.5,33.7
2026-02-24 08:13:20,55.3,3063,99.6,82.97,31.4,30.9,32.4,33.9
2026-02-24 08:13:21,55.9,3389,97.6,82.95,31.8,34.2,33.1,32.5
2026-02-24 08:13:22,48.3,2499,98.5,82.91,32,31.3,33,33.8
2026-02-24 08:13:23,42,3232,97.1,82.85,33.5,32.1,33.6,32.7
2026-02-24 08:13:24,24.5,721,97.2,82.83,31.2,32.9,30.9,31.7
2026-02-24 08:13:25,40.4,3085,86.1,82.83,31.2,31.8,34.4,33.5
2026-02-24 08:13:26,38.2,2463,81.3,82.81,33.1,32.6,32.4,34.6
2026-02-24 08:13:27,54.9,3119,104.9,82.77,31.7,32.1,33.5,32.4
2026-02-24 08:13:28,64.6,3958,88.3,82.72,32.8,31.2,32.3,33.8
2026-02-24 08:13:29,52.5,3136,102.1,82.7,32.3,31.4,33.5,34.4
2026-02-24 08:13:30,28.1,2362,82.3,82.69,34.3,31,33.2,32.6
2026-02-24 08:13:31,70.1,4868,91.1,82.68,32.8,32.1,32.8,32.6
2026-02-24 08:13:32,60.2,3842,91.2,82.68,31.3,31.9,32.9,33.2
2026-02-24 08:13:33,48.4,2819,93,82.65,31.7,31.1,32.1,33.4
2026-02-24 08:13:34,11.9,759,86.3,82.62,33.1,31.8,32.1,32.3
2026-02-24 08:13:35,30.7,1608,90.1,82.6,32.3,32.8,33.2,31.5
2026-02-24 08:13:36,44,2353,96.9,82.55,30,32.3,33.1,33.5
2026-02-24 08:13:37,56.4,3293,91.7,82.53,32.2,32.7,32.5,32.7
2026-02-24 08:13:38,27.3,2097,88.6,82.5,33.2,32,32.6,31.6
2026-02-24 08:13:39,93.2,5449,89.2,82.47,30.8,32.8,31.2,33.5
2026-02-24 08:13:40,6.7,700,107,82.44,33,30.1,32.8,33
2026-02-24 08:13:41,41.5,2878,87.9,82.43,30.8,31.5,35.2,33.7
2026-02-24 08:13:42,41.1,2593,95.8,82.38,32.3,31.7,35,35.4
2026-02-24 08:13:43,35,2258,99.7,82.38,32.6,32,35.4,32.5
2026-02-24 08:13:44,40.2,2216,85.6,82.38,29.8,30.1,33.8,32.9
2026-02-24 08:13:45,56.1,3403,89.8,82.37,31.8,33.7,35.2,35.1
2026-02-24 08:13:46,31.9,1618,94.5,82.34,32,33.2,32.8,32.9
2026-02-24 08:13:47,13.8,700,99.3,82.34,30.6,32.2,33.2,33.7
2026-02-24 08:13:48,46.4,2436,98.8,82.3,31.8,33.2,32.3,34.5
2026-02-24 08:13:49,45,2567,91.6,82.28,32,31.8,34,34.7
2026-02-24 08:13:50,44.8,2788,94.2,82.28,30.8,32.9,31.6,32.3
2026-02-24 08:13:51,55,3270,93.2,82.22,32.6,33,34.8,32.5
2026-02-24 08:13:52,44.8,2395,93.6,82.2,31.1,33.2,33.8,32.2
2026-02-24 08:13:53,56.6,3104,90.9,82.2,30.6,31.7,33.3,33
2026-02-24 08:13:54,14.8,700,80.9,82.18,33.3,31.8,34.1,33.9
2026-02-24 08:13:55,28.1,1810,90.4,82.12,31.8,33.8,31.9,31.9
2026-02-24 08:13:56,50.2,3094,93.7,82.12,33.7,30.4,33.4,32.5
2026-02-24 08:13:57,39.7,1958,94.3,82.12,30.4,32.9,31.8,31.3
2026-02-24 08:13:58,59.2,3047,91.8,82.11,32.1,33,32.7,33.3
2026-02-24 08:13:59,29.9,1773,94.5,82.08,31.7,29.8,34.3,34.9
2026-02-24 08:14:00,55.9,3216,90.5,82.06,30.1,31.7,33.7,32.9
2026-02-24 08:14:01,35,1738,81.6,82.04,32.9,33.8,33.8,35.9
2026-02-24 08:14:02,28.3,2010,90.9,82.03,32.5,32.1,34,33.8
2026-02-24 08:14:03,39.9,2374,91.2,82,32.4,31.6,31.4,32.9
2026-02-24 08:14:04,45.7,2736,77.7,81.97,31.6,31.1,33.1,33.8
2026-02-24 08:14:05,26.6,1781,97.5,81.95,33.5,31.5,33.9,33
2026-02-24 08:14:06,33.5,2136,85.4,81.93,31.7,32.8,35.3,32.2
2026-02-24 08:14:07,26.3,1480,95.7,81.9,31,32.3,31.2,33.1
2026-02-24 08:14:08,60.3,3278,93.5,81.88,32.3,32.7,34.2,31.7
2026-02-24 08:14:09,55.9,3709,86.2,81.83,31.2,31.6,30.6,33.8
2026-02-24 08:14:10,29.5,1257,93.5,81.79,28.8,31.5,31.6,34
2026-02-24 08:14:11,53.4,3618,99.7,81.72,32.3,30.9,35.8,33.1
2026-02-24 08:14:12,41.2,2310,93.1,81.66,31.7,32.5,34.3,32.3
2026-02-24 08:14:13,28.3,2321,90.3,81.65,32.8,33.3,32.6,32.4
2026-02-24 08:14:14,51.3,3017,92.2,81.62,32.6,31.8,32.2,34
2026-02-24 08:14:15,40.2,2247,90.1,81.62,32.3,33.2,33.9,32.2
2026-02-24 08:14:16,58.2,3504,82.5,81.62,31.6,32,33.7,33.6
2026-02-24 08:14:17,42.1,2921,93,81.58,31.1,31.5,34,34.3
2026-02-24 08:14:18,62.8,3225,86.5,81.56,32.8,32.7,34.8,33.8
2026-02-24 08:14:19,37.4,2152,82.5,81.47,34.1,30.4,34.3,32.6
2026-02-24 08:14:20,48.3,2986,80.3,81.45,30.9,31,31.7,33.8
2026-02-24 08:14:21,50.6,3080,89.7,81.43,33.5,33.4,33.3,33.3
2026-02-24 08:14:22,49.2,2987,95.8,81.4,34.2,32.7,32.9,31.8
2026-02-24 08:14:23,48,2783,82.9,81.4,33.9,32.2,32.3,34.8
2026-02-24 08:14:24,44.8,2346,87.6,81.39,31.5,31.7,34.3,32.7
2026-02-24 08:14:25,43.6,3474,94.7,81.35,32.1,32.3,32.3,35
2026-02-24 08:14:26,65.5,3495,84.3,81.33,30.1,29.3,32.8,33
2026-02-24 08:14:27,58.6,3811,101,81.3,31.7,31.2,31.7,33.1
2026-02-24 08:14:28,35.9,1822,87.1,81.28,31.4,31.1,34.1,34.2
2026-02-24 08:14:29,65.9,3354,89.2,81.28,33.1,32.1,32.7,34.3
2026-02-24 08:14:30,47.2,2877,99.2,81.28,31.1,32.9,31.4,32.2
2026-02-24 08:14:31,35.4,2757,95.3,81.28,31.2,30.3,35,32.6
2026-02-24 08:14:32,47.5,3039,97.1,81.24,32.1,31.4,33.9,32.1
2026-02-24 08:14:33,42.6,2065,85.1,81.22,30.9,31.1,33.1,33.4
2026-02-24 08:14:34,46.5,2592,98.4,81.2,29.9,32.1,33,30.6
2026-02-24 08:14:35,30.4,1599,92,81.17,32.5,32,33.1,32
2026-02-24 08:14:36,32.7,1618,94.9,81.12,29.9,30.7,31.9,35.7
2026-02-24 08:14:37,65.4,4232,92.2,81.12,31.6,30.5,33.2,32
2026-02-24 08:14:38,59.4,4307,90.9,81.09,33.4,32,31.8,35.1
2026-02-24 08:14:39,31.7,1466,104.7,81.04,32.5,33.2,32.6,31.5
2026-02-24 08:14:40,31.5,2137,83.9,80.99,32.7,31.3,34.2,34
2026-02-24 08:14:41,70.8,3928,100.6,80.97,30.8,33.9,32.3,32.4
2026-02-24 08:14:42,73.6,4744,90,80.93,30.5,31.7,32.4,31.6
2026-02-24 08:14:43,33.3,2064,87.6,80.89,33,30.7,34.7,33.2
2026-02-24 08:14:44,25.5,1445,96.2,80.84,30.5,31.2,31.4,32
2026-02-24 08:14:45,84.4,5277,89.5,80.78,33.6,31.9,32.6,35.6
2026-02-24 08:14:46,48.4,3567,97.5,80.78,32.4,32,33,33.3
2026-02-24 08:14:47,47.8,3292,86.3,80.78,32.1,33,34.2,31.3
2026-02-24 08:14:48,46.1,2707,85.6,80.72,32.4,32.4,31.9,33.8
2026-02-24 08:14:49,66.1,4193,99.6,80.69,30.5,31.5,33.9,35.3
2026-02-24 08:14:50,42.1,2198,96.4,80.67,32.6,33.6,32.2,34.8
2026-02-24 08:14:51,66.9,4143,91,80.64,33.2,32.9,32.9,31.7
2026-02-24 08:14:52,41.7,2790,95,80.63,30.9,31.7,32.2,33.4
2026-02-24 08:14:53,52.6,3294,92.3,80.6,31.8,31.2,33.2,33.4
2026-02-24 08:14:54,29.5,1591,92.5,80.59,31,33.3,34.2,31.8
2026-02-24 08:14:55,47.6,2842,89.1,80.56,32.1,32.5,31.5,33
2026-02-24 08:14:56,63,3606,93.6,80.51,31.5,32.8,33.7,32.9
2026-02-24 08:14:57,42.5,2683,91.3,80.48,33.2,32,35.1,32.1
2026-02-24 08:14:58,64.2,3759,99.7,80.46,30.6,34,33.8,32.9
2026-02-24 08:14:59,85.9,5087,81.9,80.46,31.9,31.9,31.2,30.6
2026-02-24 08:15:00,59.1,3356,96,80.44,32,32.3,32.6,34.5
2026-02-24 08:15:01,41.3,2798,88.6,80.42,29.8,30.9,33.3,33.8
2026-02-24 08:15:02,46.4,2885,88.7,80.39,31.7,31.5,29.7,32.5
2026-02-24 08:15:03,38.5,2024,91.7,80.37,30.9,32.1,32.6,32.4
2026-02-24 08:15:04,77.7,4737,100.3,80.36,31.2,31.4,34.2,33.2
2026-02-24 08:15:05,0.6,700,83.5,80.33,32.9,33.5,33.1,33.9
2026-02-24 08:15:06,46.2,2803,86.6,80.32,33,32.6,32.3,36.1
2026-02-24 08:15:07,46.7,3362,90.7,80.3,30.5,33.1,33.5,32.6
2026-02-24 08:15:08,48.2,2580,93,80.28,31.9,29.8,33.5,32.2
2026-02-24 08:15:09,21.6,1362,93.2,80.28,30.1,30.3,32,34.1
2026-02-24 08:15:10,48.2,2465,103.8,80.27,33,29.7,31.4,32.2
2026-02-24 08:15:11,47.8,3053,93.4,80.25,31.3,32.7,33.9,33
2026-02-24 08:15:12,63.9,3402,91.6,80.24,33.2,33.9,35.2,32.3
2026-02-24 08:15:13,52.9,2663,93.1,80.24,30.5,29.5,32.4,34.8
2026-02-24 08:15:14,61.7,3869,86.6,80.2,33.5,32.3,30.6,34.3
2026-02-24 08:15:15,30.6,1611,96.4,80.16,31.3,33.3,34.3,32.2
2026-02-24 08:15:16,43.1,1995,87.5,80.14,31,33.3,33.1,35.5
2026-02-24 08:15:17,47.9,2477,86.4,80.14,31.5,33.4,33.3,35.2
2026-02-24 08:15:18,49.1,3269,94.6,80.11,30.7,32.2,32.3,31.7
2026-02-24 08:15:19,34.6,2129,95.4,80.08,29.4,30.9,32.9,33.8
2026-02-24 08:15:20,67.2,4094,82.5,80.08,32,32.7,35,33.2
2026-02-24 08:15:21,35.8,2416,100.1,80.06,34.2,31.7,35.4,32.8
2026-02-24 08:15:22,20.8,1308,79.9,80.04,32.1,30.4,34.4,33.4
2026-02-24 08:15:23,51,2106,98.1,80.04,32.3,32,37.4,31.7
2026-02-24 08:15:24,55,3306,92.4,80.02,34,31.7,36.1,35
2026-02-24 08:15:25,59.2,3134,99.1,80.02,31.7,31.5,33.6,34.2
2026-02-24 08:15:26,30.8,1568,95.4,80,30.9,33.7,32.4,32.3
2026-02-24 08:15:27,41.3,1989,100.9,79.99,32.4,29.6,32.6,31
2026-02-24 08:15:28,25.1,1617,92,79.97,31.9,32.4,31.5,31
2026-02-24 08:15:29,57.7,4148,97.1,79.93,31.6,35.5,33.8,30.7
2026-02-24 08:15:30,50.2,3158,85.4,79.92,32.3,32.8,33.8,32.2
2026-02-24 08:15:31,58.7,4102,91.4,79.86,31.7,33.8,32.9,33.6
2026-02-24 08:15:32,54.1,3176,100.5,79.86,31.1,31.8,33.7,31.8
2026-02-24 08:15:33,35.9,1993,96.2,79.82,29.9,32.3,32.7,34.6
2026-02-24 08:15:34,47.7,3098,83.1,79.8,30.8,31.9,31.5,32.2
2026-02-24 08:15:35,16.4,700,88.4,79.77,31.2,31.3,33.1,33.3
2026-02-24 08:15:36,52.5,2753,92.8,79.71,32.3,35,30.9,33.2
2026-02-24 08:15:37,59.5,2680,86.8,79.71,31.7,30.3,32.3,32.7
2026-02-24 08:15:38,31.9,1246,87.4,79.67,31.1,30.8,32.7,33.4
2026-02-24 08:15:39,13,700,102.2,79.67,30.4,31.4,31.4,32.6
2026-02-24 08:15:40,22.2,1369,85.6,79.64,32,32.2,33.8,33
2026-02-24 08:15:41,28.3,1593,93.3,79.64,33.4,34.2,33.6,31.8
2026-02-24 08:15:42,63.6,3245,97.1,79.64,31.1,33,32.4,34.9
2026-02-24 08:15:43,45.1,2360,93.2,79.63,33.4,31.3,35.1,34.9
2026-02-24 08:15:44,26.4,1347,90.9,79.63,31.2,30.9,32.2,34.4
2026-02-24 08:15:45,53.3,3468,96,79.62,35,31.3,32.4,35.4
2026-02-24 08:15:46,12.3,833,89.1,79.62,31.5,32.3,32.7,32.9
2026-02-24 08:15:47,41.3,2230,101.5,79.62,33.1,32.8,33.1,34.1
2026-02-24 08:15:48,61.7,3218,88.5,79.6,32.6,31.6,32.2,34.5
2026-02-24 08:15:49,39.9,2344,85,79.57,31.8,28.9,33.6,33.2
2026-02-24 08:15:50,64.6,3343,72,79.57,30.7,30,30.7,32
2026-02-24 08:15:51,71.9,4114,93.7,79.56,32.3,31.5,32.5,33
2026-02-24 08:15:52,27.5,1558,85.9,79.54,33.2,32.2,31.7,30.8
2026-02-24 08:15:53,27.7,2029,92.3,79.53,31.8,33.4,32.8,33.6
2026-02-24 08:15:54,31.3,2147,82.6,79.51,31.7,32.1,32.8,32
2026-02-24 08:15:55,52.9,3235,97.8,79.47,34.3,33.3,33.1,34
2026-02-24 08:15:56,57.5,3385,90.6,79.42,31,33,33.5,33.5
2026-02-24 08:15:57,63.1,3640,98.7,79.41,31.6,32.9,34.7,33.9
2026-02-24 08:15:58,64.5,4051,95.1,79.37,31.3,32.8,32.7,32
2026-02-24 08:15:59,61.1,3248,97.6,79.36,34.2,31.6,31,33.7
2026-02-24 08:16:00,59.1,3440,95.3,79.34,33.2,31.5,32.1,34.8
2026-02-24 08:16:01,47.5,3219,93.3,79.33,32.4,32.7,34.3,33.1
2026-02-24 08:16:02,31.7,1658,101.1,79.33,31.6,30.5,31.9,34.1
2026-02-24 08:16:03,34.1,1588,89.4,79.28,33.5,33.4,34.1,33.6
2026-02-24 08:16:04,51.1,3066,84.2,79.23,32.9,32.9,32.6,33
2026-02-24 08:16:05,70.3,4307,104.1,79.2,32.5,32.3,34.2,33.7
2026-02-24 08:16:06,70.6,4748,90.3,79.2,31.9,31.6,33.3,33.2
2026-02-24 08:16:07,16.1,700,97.7,79.19,32.3,32.9,32.8,33.2
2026-02-24 08:16:08,32.5,1792,90.2,79.19,29.9,31.6,32.9,32.4
2026-02-24 08:16:09,66.3,4350,93.5,79.16,22,32.4,31.5,35.2
2026-02-24 08:16:10,29,1660,95.2,79.13,32.7,31.2,31.6,33.9
2026-02-24 08:16:11,20.8,1339,80.7,79.12,33.7,31.2,32.4,30.6
2026-02-24 08:16:12,54,3381,94,79.08,31.3,32.5,31.1,33.4
2026-02-24 08:16:13,71,4646,86.3,79.04,33.8,32.5,33,34.3
2026-02-24 08:16:14,74,4715,103.4,79.04,32.8,32.8,33.5,32.1
2026-02-24 08:16:15,53,3168,96.1,79.02,33.7,31.7,31.8,33.2
2026-02-24 08:16:16,55.8,2961,99.3,79,33.7,31.7,32.8,31
2026-02-24 08:16:17,53.4,3180,90.3,78.99,31.7,33.7,34.4,35.1
2026-02-24 08:16:18,44.7,2904,92.5,78.99,32.6,31.9,32.4,33.4
2026-02-24 08:16:19,0,700,94,78.96,32.2,32.6,32.8,32.3
2026-02-24 08:16:20,56.4,3584,94.3,78.91,30.9,31.1,34.4,33.8
2026-02-24 08:16:21,39.1,1889,86.3,78.89,32.4,29.9,31.5,34.4
2026-02-24 08:16:22,60.1,3644,90.6,78.85,31.5,33,30.7,31.9
2026-02-24 08:16:23,35.6,1797,84.7,78.85,33.1,31.6,35.4,34.6
2026-02-24 08:16:24,20.5,1087,100.8,78.85,32.5,32.6,34.3,32.7
2026-02-24 08:16:25,63.7,3492,90.6,78.82,32.1,32.9,32.1,33.4
2026-02-24 08:16:26,47.7,3374,96.2,78.82,33.7,31.5,29.6,32.7
2026-02-24 08:16:27,97.4,5789,91.1,78.79,32.6,30.9,33,31.7
2026-02-24 08:16:28,58.7,4080,96.6,78.79,33.9,32.3,35.5,31.4
2026-02-24 08:16:29,60.7,3119,94.2,78.78,29.2,31.4,33.3,35.3
2026-02-24 08:16:30,56.5,3155,98.3,78.78,32.9,31.3,33.6,32.2
2026-02-24 08:16:31,35.9,2393,97.5,78.76,30.2,32.4,34.4,33.1
2026-02-24 08:16:32,39.4,2204,94.9,78.76,32.6,31.9,31.9,30.8
2026-02-24 08:16:33,60.9,4250,89.6,78.71,30.9,33.2,34.7,32.8
2026-02-24 08:16:34,60.8,3452,89.3,78.69,31.9,31.1,33.2,32.5
2026-02-24 08:16:35,53.7,2575,95.4,78.67,32.3,31.8,33.5,32
2026-02-24 08:16:36,30.2,1784,87.2,78.66,33.7,34.4,34.4,33.3
2026-02-24 08:16:37,70.3,4099,99,78.63,32,30.3,32.9,32.7
2026-02-24 08:16:38,24.5,1429,95.8,78.61,33.5,30.3,33.5,34.1
2026-02-24 08:16:39,38.5,2062,95,78.6,32.9,31.3,33.4,33.9
2026-02-24 08:16:40,79.9,4588,92.4,78.55,30.9,31.6,30.8,31.8
2026-02-24 08:16:41,52.9,2936,97.8,78.52,31.4,32.6,32.9,32.1
2026-02-24 08:16:42,59.6,3454,93.9,78.48,28.3,30.2,35.2,31.5
2026-02-24 08:16:43,50.7,2697,91.2,78.47,31.2,33.2,34.2,31.8
2026-02-24 08:16:44,30.1,2141,90,78.43,32.4,32.8,33,35.1
2026-02-24 08:16:45,36,1896,91.3,78.41,31.9,32.1,35.7,36.6
2026-02-24 08:16:46,47.5,3234,97.4,78.4,31,31.5,33.1,36
2026-02-24 08:16:47,1.1,700,93.3,78.4,31.2,31.2,32.8,33.6
2026-02-24 08:16:48,32.3,2191,89.1,78.4,32.2,31.9,31.4,34.4
2026-02-24 08:16:49,57,3239,90.7,78.39,32.1,34.3,36.9,33.5
2026-02-24 08:16:50,40.5,2469,78.2,78.38,29.4,32.3,32.1,33.6
2026-02-24 08:16:51,40.7,2671,93.7,78.34,30.9,32.3,31.3,33.2
2026-02-24 08:16:52,58,3205,97.8,78.31,31.9,29.4,34.7,33.7
2026-02-24 08:16:53,36.8,2279,85.2,78.29,33,32.7,33.1,33.9
2026-02-24 08:16:54,54.4,3251,92.6,78.27,29.5,31.3,33.9,32.4
2026-02-24 08:16:55,23.7,1086,89.1,78.24,31.9,32,33.5,33.8
2026-02-24 08:16:56,26.6,1769,87.3,78.22,30.4,31.8,33.3,35.3
2026-02-24 08:16:57,19.9,700,92.5,78.22,33,31.3,33.9,34.3
2026-02-24 08:16:58,46.3,3241,87.5,78.17,31.5,33.3,32.8,33.3
2026-02-24 08:16:59,41.9,2873,91.5,78.16,31.5,33.4,31.9,32.9
2026-02-24 08:17:00,66.6,3935,99.9,78.11,31,31.8,33.1,33.3
2026-02-24 08:17:01,44.4,2534,81.8,78.11,30.1,30.5,34,32.2
2026-02-24 08:17:02,65.3,4022,88,78.1,30.5,31.1,33.1,31.1
2026-02-24 08:17:03,74.2,4306,89.4,78.1,31.5,34.3,29.4,34.6
2026-02-24 08:17:04,37.6,2197,99.5,78.08,32.6,30.5,32.9,32
2026-02-24 08:17:05,50.8,3117,97.3,78.06,32.4,32.1,32.4,33.3
2026-02-24 08:17:06,32.3,1910,91.7,78.03,34.1,31.1,33.7,35.1
2026-02-24 08:17:07,56.1,3879,84.6,78,32.3,30.7,33.8,33.8
2026-02-24 08:17:08,28.8,1627,93.7,77.97,31.4,32.7,34,35.3
2026-02-24 08:17:09,29.6,1513,92.6,77.92,32.7,32.5,33.8,31.3
2026-02-24 08:17:10,49.3,2618,95,77.89,31.6,31.9,31.3,32.1
2026-02-24 08:17:11,46.4,2614,92,77.89,33.6,33.6,35.6,33.3
2026-02-24 08:17:12,48.9,2642,83.6,77.87,32.1,32.4,34.5,32.9
2026-02-24 08:17:13,46,3044,90.3,77.83,34.8,32.3,33.8,33.9
2026-02-24 08:17:14,37.1,2300,101,77.82,29.3,33.8,30.8,34.5
2026-02-24 08:17:15,43,2549,82,77.82,30.5,33.8,32.1,35
2026-02-24 08:17:16,69.3,4166,92.9,77.77,32.9,29.3,32.7,34.6
2026-02-24 08:17:17,44.7,2410,101.5,77.76,32.7,31,31.7,32.1
2026-02-24 08:17:18,25.2,2217,89.3,77.75,32,33.2,31.5,33
2026-02-24 08:17:19,32.3,2181,95,77.73,29.5,33.5,32.1,33.6
2026-02-24 08:17:20,28.5,1945,89.1,77.72,31,31.7,33.3,32.6
2026-02-24 08:17:21,31.5,1941,94.5,77.68,33.3,34.2,34.1,33
2026-02-24 08:17:22,26.1,1614,84,77.65,33.2,33,33.4,32.6
2026-02-24 08:17:23,5.6,700,88.3,77.61,31.4,32.4,35,33.7
2026-02-24 08:17:24,55,3430,98.4,77.59,31.5,32.1,33.1,34.8
2026-02-24 08:17:25,54.9,3528,105.7,77.57,30.1,32.9,32.3,31.7
2026-02-24 08:17:26,41.2,2339,89.4,77.56,31.9,30.4,33.7,33.5
2026-02-24 08:17:27,34.1,2427,94.2,77.53,32.5,31.6,34.2,31.7
2026-02-24 08:17:28,32.8,1526,99.3,77.53,32.7,30.3,30.4,33
2026-02-24 08:17:29,51,3608,90.7,77.51,34.4,31.1,31.8,32.7
2026-02-24 08:17:30,48.4,2879,92.9,77.48,33.7,32.1,32.2,32.4
2026-02-24 08:17:31,51.3,3140,96.5,77.45,33,33.4,34.2,32.9
2026-02-24 08:17:32,45.1,2689,77.7,77.44,30.5,31.2,33,35.1
2026-02-24 08:17:33,54.3,3005,95.8,77.43,32.1,32.7,32.1,34.1
2026-02-24 08:17:34,51.5,2950,86.8,77.42,32.9,31.5,32.8,33.4
2026-02-24 08:17:35,53.4,3659,92.7,77.38,31,33.1,34.7,32.4
2026-02-24 08:17:36,52.4,3766,90.1,77.35,30.8,32.5,30.6,33
2026-02-24 08:17:37,69.9,3877,91.5,77.33,30.1,31.9,33.8,33.1
2026-02-24 08:17:38,29.2,1859,97.5,77.33,32,30.6,32.2,34.7
2026-02-24 08:17:39,67.6,3895,93.9,77.31,30.8,32.4,33.2,33.7
2026-02-24 08:17:40,40,2427,88.9,77.31,30.9,33.2,33.7,33.1
2026-02-24 08:17:41,44,2745,92.7,77.31,31.4,29.5,36.6,32.8
2026-02-24 08:17:42,46.2,2617,97.4,77.31,31.9,30.4,32.4,31
2026-02-24 08:17:43,38.3,2384,95.2,77.27,32.4,31.5,31.5,32.3
2026-02-24 08:17:44,6.7,902,83.3,77.23,31,34.4,31.2,32.6
2026-02-24 08:17:45,40.3,2094,74.3,77.23,31.8,31.4,33.8,32
2026-02-24 08:17:46,45.6,2617,94.3,77.2,33.2,31.6,31.4,34.8
2026-02-24 08:17:47,18.9,1223,108.6,77.18,32.7,32,32.9,34.7
2026-02-24 08:17:48,53.2,3304,94.4,77.16,35,32.9,32.5,32.3
2026-02-24 08:17:49,36,2180,93.9,77.11,31,31.1,34.1,34
2026-02-24 08:17:50,66.7,4106,89.2,77.09,32.1,32,36.2,33.9
2026-02-24 08:17:51,49,2891,94.2,77.05,31.9,30.7,31.1,33.5
2026-02-24 08:17:52,33.2,2049,95.5,77.02,34.3,33.8,30.7,35.2
2026-02-24 08:17:53,47.5,2829,97.8,76.97,31.4,33.2,32.8,31.4
2026-02-24 08:17:54,48.9,3209,92.6,76.93,31.1,32.5,33.6,33
2026-02-24 08:17:55,58.7,3735,86.8,76.89,33.1,32.1,34,34.6
2026-02-24 08:17:56,42.6,2550,90.8,76.88,33.4,31.7,32.3,32.4
2026-02-24 08:17:57,14.5,1264,84.6,76.86,33.2,31.6,33.2,31.8
2026-02-24 08:17:58,25.5,1581,92.8,76.83,30.8,32.8,33.9,32.7
2026-02-24 08:17:59,32.1,2100,83.4,76.81,31.6,31.3,31.6,34.1
2026-02-24 08:18:00,51.4,3152,104.7,76.78,34.9,32.4,31.9,33
2026-02-24 08:18:01,40.7,2258,80.7,76.76,29.8,33,32.7,31.6
2026-02-24 08:18:02,35.8,2368,91.3,76.73,34.2,33.4,32.9,34.2
2026-02-24 08:18:03,32.3,1383,104.1,76.73,33,32.5,35.3,33.2
2026-02-24 08:18:04,47.3,2547,85.5,76.72,31.3,32,32.8,34.1
2026-02-24 08:18:05,32.2,2120,86.9,76.69,31.7,31.2,31.5,32.1
2026-02-24 08:18:06,39,2712,79.7,76.63,30.8,31.8,31.7,33.9
2026-02-24 08:18:07,30.9,1402,82.9,76.62,31.6,31.2,33.9,31.8
2026-02-24 08:18:08,24.2,1807,85.7,76.59,32.5,33.6,34.3,33.5
2026-02-24 08:18:09,59.3,3158,82.5,76.54,32.8,32.3,33.6,33.6
2026-02-24 08:18:10,25.2,1333,94.3,76.53,29.6,32.3,33,31.1
2026-02-24 08:18:11,46.1,2367,100.8,76.53,31.6,33.9,30.7,34.1
2026-02-24 08:18:12,36.5,2135,86.9,76.52,31.6,34.2,33.1,31.2
2026-02-24 08:18:13,29.1,1761,85.2,76.49,31.1,31.4,32.3,31.8
2026-02-24 08:18:14,48.9,3058,99,76.49,33,31.9,33.6,34.5
2026-02-24 08:18:15,50.6,2909,83.2,76.49,33.3,32.9,32.7,33
2026-02-24 08:18:16,64,3834,94.1,76.45,32.7,31.4,33.1,33.9
2026-02-24 08:18:17,49.9,3085,96.6,76.43,30.9,32.8,33.2,33.2
2026-02-24 08:18:18,42.9,2282,104.3,76.39,32.1,32.8,33.6,30.5
2026-02-24 08:18:19,84,4830,94.8,76.39,32.7,29.6,32.6,31.2
2026-02-24 08:18:20,35.2,2526,87,76.37,32.5,31.8,33.5,31.7
2026-02-24 08:18:21,30,914,100.1,76.35,30.5,30.4,33.1,32.4
2026-02-24 08:18:22,37,2507,82.3,76.31,31.7,33.4,31.8,33.8
2026-02-24 08:18:23,43.3,2916,95.3,76.27,31.2,33.3,33.7,31.9
2026-02-24 08:18:24,54,3645,92.5,76.23,32.1,32.2,32.6,32.7
2026-02-24 08:18:25,51.2,2952,78.1,76.22,32,32.6,33.9,33.7
2026-02-24 08:18:26,43.4,2856,91.6,76.19,30.9,30.8,33.7,32.1
2026-02-24 08:18:27,32.2,1997,94.4,76.13,34.8,31.6,33.1,35.3
2026-02-24 08:18:28,61.9,3523,119.6,76.12,33.7,31.7,32.5,33
2026-02-24 08:18:29,58.7,3688,101.3,76.12,33.5,32.2,33.1,35.2
2026-02-24 08:18:30,34.1,2157,89.3,76.09,30.2,31.7,31.2,32.7
2026-02-24 08:18:31,55.3,3201,83.7,76.02,33.2,33.3,32.3,31.6
2026-02-24 08:18:32,51.8,2970,90.3,76.02,31.5,31.7,33.4,35.4
2026-02-24 08:18:33,60.7,3562,93,76.02,32.1,33.5,33.7,34.7
2026-02-24 08:18:34,47.2,2982,77.8,76,28.9,32.1,33.6,34.5
2026-02-24 08:18:35,27.9,1658,89.7,76,31.6,31.5,33.2,36
2026-02-24 08:18:36,57,3014,95.8,75.96,32.6,32.3,32.7,33.9
2026-02-24 08:18:37,34.1,2139,91.4,75.95,29.5,31.8,31.2,33.1
2026-02-24 08:18:38,52.9,3064,95.6,75.89,32,31.6,33.5,33.5
2026-02-24 08:18:39,70.1,4434,101.2,75.89,31.4,30.6,33.5,30.9
2026-02-24 08:18:40,23.7,1059,81.1,75.87,34.2,30.4,33.4,30.6
2026-02-24 08:18:41,68.4,3531,100.5,75.85,31.8,30.7,31.6,33.5
2026-02-24 08:18:42,65.3,3769,96.3,75.81,31.5,31.9,32.7,32.4
2026-02-24 08:18:43,37.1,2035,100.3,75.81,32.4,33.7,31.6,34
2026-02-24 08:18:44,41.2,2675,96,75.79,30.8,31.8,32.1,32.2
2026-02-24 08:18:45,34.7,1521,92.5,75.76,32.5,32.3,33.4,35.5
2026-02-24 08:18:46,36.4,1863,103.4,75.75,32.4,31.7,30.8,32.8
2026-02-24 08:18:47,53.7,3184,90.7,75.71,29.6,32.7,33.5,29.6
2026-02-24 08:18:48,31.5,1669,80,75.69,31.7,32.4,30.9,35.5
2026-02-24 08:18:49,42.1,2469,92.3,75.66,31.3,32.9,32.7,33.6
2026-02-24 08:18:50,42.8,2209,80.4,75.63,31.4,31.7,32.6,33.3
2026-02-24 08:18:51,43.6,2369,100.4,75.6,31.2,33.6,31.1,32.3
2026-02-24 08:18:52,47.7,2586,83.4,75.54,33.6,31,34.1,34
2026-02-24 08:18:53,68.9,3611,99.2,75.52,31.3,33.1,32.2,33.8
2026-02-24 08:18:54,38.2,2407,87.7,75.5,32.7,32.2,33.7,34.5
2026-02-24 08:18:55,33.1,1824,89.9,75.48,33.4,33.6,32.9,33.3
2026-02-24 08:18:56,56.9,3247,100.9,75.46,31.2,31.3,34.1,32.9
2026-02-24 08:18:57,50.7,3375,94.9,75.44,31.8,30.7,34.7,33.5
2026-02-24 08:18:58,48.5,3110,83.8,75.38,29.5,31.6,32.8,31
2026-02-24 08:18:59,53.9,3026,90.9,75.36,32.4,33.5,34,33.4
2026-02-24 08:19:00,23.8,1692,90,75.33,30.8,33.3,35.4,32.7
2026-02-24 08:19:01,60.9,3540,86.7,75.27,33,31.6,34.2,35.8
2026-02-24 08:19:02,51.8,2979,95.8,75.26,32.4,33.3,33.5,32.7
2026-02-24 08:19:03,59.3,3608,107.8,75.23,32.7,33,33.6,33.6
2026-02-24 08:19:04,36,2202,85.4,75.19,33,31.5,32.3,31.9
2026-02-24 08:19:05,17.4,1012,90.8,75.17,31.9,30.9,31.8,31.7
2026-02-24 08:19:06,37.7,2186,108.1,75.16,32.2,31.7,32.1,31.2
2026-02-24 08:19:07,31.4,2004,93.3,75.14,32.7,32.9,32.4,32
2026-02-24 08:19:08,78.3,4996,89.9,75.14,31.7,32.5,32.1,31
2026-02-24 08:19:09,38.8,2210,92,75.1,31.3,33.9,33.3,33.3
2026-02-24 08:19:10,41.8,2944,82,75.1,33,30.9,32.6,32.6
2026-02-24 08:19:11,60.9,3404,91.1,75.08,32,32.7,31.7,31.8
2026-02-24 08:19:12,54.3,3858,85.5,75.06,32.9,32.4,32.2,33.8
2026-02-24 08:19:13,55.1,3552,84.5,75.06,32.5,33.2,32.8,32.9
2026-02-24 08:19:14,84.5,4962,93.3,75.05,31.5,31.7,32.5,29.6
2026-02-24 08:19:15,47.5,2212,87.5,75,31.9,33.2,31.4,31.8
2026-02-24 08:19:16,73.6,4297,95,74.98,32.4,31.3,29.9,33.5
2026-02-24 08:19:17,48.8,2824,94.7,74.97,31.9,31.5,33,31.4
2026-02-24 08:19:18,23.1,1819,94.2,74.94,31.4,33.3,34.6,33.5
2026-02-24 08:19:19,11.6,809,92.8,74.91,30.1,32.5,35.8,33.7
2026-02-24 08:19:20,54.7,2736,95.1,74.89,33,31.9,30.6,31.7
2026-02-24 08:19:21,30,1882,85.3,74.86,31,32.8,31.9,32.9
2026-02-24 08:19:22,45.6,2453,84.3,74.85,31.5,33.5,34.1,34.1
2026-02-24 08:19:23,71.7,3792,87.3,74.85,31.6,32.2,33.1,33.5
2026-02-24 08:19:24,50.2,3288,98.8,74.85,32.5,30.9,32.7,35.2
2026-02-24 08:19:25,40.7,2623,91.8,74.84,31.9,31.9,33.8,33.9
2026-02-24 08:19:26,16.1,846,91,74.82,31.6,30,34,33.5
2026-02-24 08:19:27,33,2411,90.7,74.8,31.1,29.1,33.5,32.2
2026-02-24 08:19:28,36.4,2090,92.6,74.77,32.9,31.7,31.6,33.7
2026-02-24 08:19:29,55.3,2812,95.1,74.77,32.1,32.9,35,29.9
2026-02-24 08:19:30,52.3,3411,92.2,74.76,35,33.1,33.1,33.6
2026-02-24 08:19:31,45.2,2509,97.9,74.74,29.6,30.7,37.2,32.9
2026-02-24 08:19:32,47.7,2903,99.6,74.73,33.9,31.5,33.1,33.1
2026-02-24 08:19:33,40.7,2165,98.5,74.69,31,29.4,34,33.7
2026-02-24 08:19:34,45.5,2339,93.1,74.69,31.7,31.6,33.6,32.7
2026-02-24 08:19:35,49.1,3078,100.5,74.66,32.9,32.7,32.5,33.4
2026-02-24 08:19:36,51.7,2832,93,74.65,32.8,33.2,34.7,33.3
2026-02-24 08:19:37,72.4,4182,93.3,74.63,32.3,31.2,33.5,31.9
2026-02-24 08:19:38,28.3,1915,92.8,74.58,31.5,34.4,31.9,32.2
2026-02-24 08:19:39,67.1,3257,96.4,74.56,31.2,31.7,32,32.2
2026-02-24 08:19:40,55.1,3025,88.2,74.54,35.3,33.3,31.4,33.2
2026-02-24 08:19:41,21.8,1767,87.2,74.48,28.4,34.3,31.5,34.6
2026-02-24 08:19:42,40.8,2446,101.8,74.47,32.5,32.8,33.2,33
2026-02-24 08:19:43,35.6,1631,83.9,74.46,32.5,31.4,31.7,33.6
2026-02-24 08:19:44,31,1845,99.7,74.44,31.9,30,34,31.9
2026-02-24 08:19:45,21.9,1328,82.3,74.42,32.2,31.1,32.7,33.3
2026-02-24 08:19:46,37.6,2023,102.9,74.39,32.5,30.2,33.7,32.8
2026-02-24 08:19:47,38.5,2104,91.7,74.38,32.4,31.8,32.1,33.6
2026-02-24 08:19:48,40.1,2394,106.5,74.35,32.5,31.6,30.7,31.7
2026-02-24 08:19:49,14.1,1098,94,74.34,34.3,34.4,33.4,33.6
2026-02-24 08:19:50,51.6,2844,88.4,74.34,30.5,32.6,33.1,32.7
2026-02-24 08:19:51,56.2,3587,97.3,74.32,31.9,32.4,34.3,35
2026-02-24 08:19:52,56.8,2848,93.6,74.31,31.6,31.4,32.4,33.2
2026-02-24 08:19:53,56.6,3993,96.2,74.28,32.2,32.9,31.8,32.1
2026-02-24 08:19:54,48,3111,93.5,74.23,31.9,28.8,31.5,33.6
2026-02-24 08:19:55,67,3833,100.3,74.23,30.7,32.2,34,32.7
2026-02-24 08:19:56,31.9,1883,97.7,74.23,31.6,30.1,31.9,31.7
2026-02-24 08:19:57,26.6,1226,89.6,74.23,32.3,30.2,32.6,33.3
2026-02-24 08:19:58,50.1,2726,93.4,74.23,31.9,33.3,32.8,32.5
2026-02-24 08:19:59,51.6,3185,101.8,74.23,32.7,31.1,31.5,33.6
2026-02-24 08:20:00,33.8,1409,93.2,74.2,32.9,31.5,29.8,34
2026-02-24 08:20:01,45.5,2933,99.5,74.16,31.4,31.5,32.5,32.4
2026-02-24 08:20:02,49.8,3239,98.6,74.15,30.9,32,33.3,29.3
2026-02-24 08:20:03,50.7,3079,93.4,74.14,31.5,34.3,32.4,32.5
2026-02-24 08:20:04,58.1,3250,97,74.13,31.7,32.8,33.5,31.7
2026-02-24 08:20:05,59,3730,88.7,74.09,30.4,31.4,33,32.9
2026-02-24 08:20:06,8.6,700,91.7,74.06,30.3,31.5,33.6,32.5
2026-02-24 08:20:07,70.9,4787,103.6,74.03,30.7,33,31.1,34.5
2026-02-24 08:20:08,51.8,3259,93.5,74.02,33.3,30,32.7,33.4
2026-02-24 08:20:09,36.4,2742,99.5,74.01,32.8,32.3,33.6,33.3
2026-02-24 08:20:10,28.3,1515,89.5,74.01,33.1,33.2,33.2,33.1
2026-02-24 08:20:11,58.6,3862,77.7,74.01,31.5,30.7,34.6,31.3
2026-02-24 08:20:12,49.9,3285,86.6,73.99,30.8,31.7,33.8,36.8
2026-02-24 08:20:13,61.2,3863,90.6,73.99,32.2,32.1,33.7,31.5
2026-02-24 08:20:14,44.1,3178,84.7,73.98,33.5,29.4,34,32.7
2026-02-24 08:20:15,41.3,2831,97.1,73.96,31.7,33.1,33.2,32.6
2026-02-24 08:20:16,78.6,5046,91.9,73.94,32.4,32.4,32.4,32.8
2026-02-24 08:20:17,14.5,1283,86.2,73.91,32.3,29.9,34.1,31.8
2026-02-24 08:20:18,50.9,2839,98.5,73.9,33.1,30.5,33.3,33.2
2026-02-24 08:20:19,50.8,3255,90,73.89,31.6,31.8,35.1,33.5
2026-02-24 08:20:20,51.6,3476,85,73.86,32.3,31.6,33.3,32.6
2026-02-24 08:20:21,53.4,2642,91.3,73.82,31.4,31,31.6,31.6
2026-02-24 08:20:22,40.9,2828,92.9,73.82,32.6,30.3,33.7,35
2026-02-24 08:20:23,62.5,3427,106.3,73.82,31.1,33.4,30.4,32.3
2026-02-24 08:20:24,8.2,700,93.6,73.8,32.1,32.2,32.3,30.4
2026-02-24 08:20:25,32.9,1943,89.8,73.75,33.5,33.7,33.6,33.2
2026-02-24 08:20:26,43.2,2078,86.1,73.73,31.8,30.9,32.9,33
2026-02-24 08:20:27,47.4,2612,93,73.72,34.6,31.7,35.6,30.4
2026-02-24 08:20:28,51.1,3320,90,73.72,31.6,32.6,33.2,33.4
2026-02-24 08:20:29,54.6,3301,97,73.7,32.6,32.5,33.5,32.7
2026-02-24 08:20:30,22.4,1730,93.6,73.67,30.4,32.5,32.4,36.8
2026-02-24 08:20:31,45.1,2789,100.7,73.67,31.8,32.2,32,33.3
2026-02-24 08:20:32,52.9,2661,93.3,73.64,30.4,31.4,34,32.6
2026-02-24 08:20:33,64.9,3549,83.6,73.61,31.1,31.4,33.5,33.8
2026-02-24 08:20:34,43.3,2646,86.7,73.57,30.5,32.3,33.1,31.4
2026-02-24 08:20:35,69,4012,91.9,73.55,29.9,31.3,32.5,34.4
2026-02-24 08:20:36,40.8,2720,95.6,73.55,31.6,32.4,33.7,35.2
2026-02-24 08:20:37,44.3,2703,106.7,73.52,29.8,29.7,34,33.1
2026-02-24 08:20:38,47.4,2511,96,73.52,31.6,31.1,33,34.3
2026-02-24 08:20:39,37.5,2085,95.5,73.48,33.2,32.1,32.9,32.5
2026-02-24 08:20:40,55.7,3648,84.4,73.48,32.2,31.1,33.4,32.5
2026-02-24 08:20:41,24.8,1204,94.2,73.46,30.8,32.2,32.7,32.6
2026-02-24 08:20:42,44.9,2244,84.1,73.43,30.8,34.2,31.8,33.2
2026-02-24 08:20:43,36.9,2384,88.5,73.42,32.9,33.9,34.5,34.4
2026-02-24 08:20:44,36.8,2263,97.2,73.39,29.7,31.1,33.6,33.6
2026-02-24 08:20:45,62.3,3499,97.7,73.38,31.9,31.9,33.7,33.6
2026-02-24 08:20:46,60.8,3634,89.5,73.33,30.2,31.7,32.2,33.3
2026-02-24 08:20:47,69,4186,88.6,73.29,32.1,31.1,33,33.5
2026-02-24 08:20:48,41,2230,90.4,73.28,30,32.2,32.7,32.4
2026-02-24 08:20:49,45.5,2839,103.4,73.23,32.4,32.1,32,32.8
2026-02-24 08:20:50,21.7,1094,75.8,73.21,30.7,31.4,32.1,32.4
2026-02-24 08:20:51,39.2,2249,91.2,73.21,32.5,31.3,30.9,34
2026-02-24 08:20:52,71.5,4513,98.6,73.17,33.5,32.2,33,31.5
2026-02-24 08:20:53,38.8,2242,91,73.15,30.1,31.5,32.3,31.4
2026-02-24 08:20:54,27.5,1149,84.9,73.15,31,29.9,31.2,32.7
2026-02-24 08:20:55,45.6,2657,95.9,73.13,30.6,31.8,33.4,34.3
2026-02-24 08:20:56,63.7,3312,97.3,73.09,32.2,31.7,30.9,35.6
2026-02-24 08:20:57,21.3,1120,84.6,73.07,33.2,31.7,32.5,31.5
2026-02-24 08:20:58,41.2,2281,90.1,73.03,32.2,31.6,31.2,32.1
2026-02-24 08:20:59,52,4072,96,73,36,31,33.4,31.1
2026-02-24 08:21:00,74.7,4629,87.4,73,31.9,31,34,34.8
2026-02-24 08:21:01,35.8,2281,91.8,72.97,32.2,30.1,33.4,32.9
2026-02-24 08:21:02,67.8,4128,90.6,72.94,31.8,32.9,35.4,33.9
2026-02-24 08:21:03,38.5,2151,91,72.91,32.7,30.5,30.7,32.9
2026-02-24 08:21:04,29.5,967,91,72.91,31.8,31.8,32.8,34.3
2026-02-24 08:21:05,28,2224,99.7,72.9,31.7,29.1,34.4,35.5
2026-02-24 08:21:06,41.7,2347,98.6,72.9,31.4,31.5,33.6,31
2026-02-24 08:21:07,44.7,2423,94.8,72.87,31.1,32.4,32.4,33.7
2026-02-24 08:21:08,40.2,2223,90.7,72.84,33.6,30.8,33.1,32.8
2026-02-24 08:21:09,60.8,3970,82,72.8,32.7,31.3,34.4,33.6
2026-02-24 08:21:10,47.8,3092,86.4,72.78,33.6,33,32.4,33.8
2026-02-24 08:21:11,43.4,3000,98.7,72.76,31.4,31.1,32,31.3
2026-02-24 08:21:12,36,2244,86.6,72.75,32.4,33.1,33.3,32.5
2026-02-24 08:21:13,25.6,1501,90.1,72.75,32.4,33.1,34.9,33.1
2026-02-24 08:21:14,15.6,861,98.6,72.73,30,33,29.9,32.5
2026-02-24 08:21:15,48.2,2425,84.2,72.73,33.2,32.4,34,32.1
2026-02-24 08:21:16,45.4,2802,102.5,72.66,32.1,32.9,33.8,33.8
2026-02-24 08:21:17,65.5,3829,91.3,72.64,32.6,32,31.5,32.9
2026-02-24 08:21:18,49.4,2849,77.5,72.63,32.8,33.8,35.4,33.4
2026-02-24 08:21:19,57,3736,85.8,72.61,32.2,32.6,32.9,32.2
2026-02-24 08:21:20,45.6,3099,90.3,72.55,30.3,31.7,32.4,32.7
2026-02-24 08:21:21,32.7,2698,100.3,72.52,32.8,33.5,33.6,34.8
2026-02-24 08:21:22,49.3,3097,98.4,72.43,32.8,32.1,35.5,32.1
2026-02-24 08:21:23,50.1,2978,96.3,72.43,31.8,32.7,34.1,33.2
2026-02-24 08:21:24,32.7,1690,94.4,72.41,32.9,30.5,31.7,33.9
2026-02-24 08:21:25,44.6,2666,91.4,72.39,32.1,32.6,30.9,34.2
2026-02-24 08:21:26,75,5016,88.9,72.37,30,33.2,33.1,33.8
2026-02-24 08:21:27,28.1,1615,85.4,72.34,32.8,32,33.5,33.9
2026-02-24 08:21:28,67.1,4539,98.1,72.31,32.4,33.9,31.7,33.9
2026-02-24 08:21:29,41.6,2429,92.7,72.3,33.3,31,32.3,30.8
2026-02-24 08:21:30,67.2,4095,97.9,72.29,30.5,32.6,32.1,33.1
2026-02-24 08:21:31,32.4,2688,105.8,72.28,31.1,32.6,32.2,33.9
2026-02-24 08:21:32,44,2648,94.6,72.25,30.4,33,32.4,32.3
2026-02-24 08:21:33,49.7,2546,91.1,72.24,31.1,34.2,35.3,31.4
2026-02-24 08:21:34,43.3,2396,98.1,72.16,32.8,32.1,32,33.9
2026-02-24 08:21:35,54.9,2977,89.3,72.12,33,32.8,34.6,34.1
2026-02-24 08:21:36,42.5,2577,94.6,72.12,31.7,32.4,33.2,33.3
2026-02-24 08:21:37,63.1,3614,103.4,72.12,31.2,29.7,32.4,31.6
2026-02-24 08:21:38,47.6,2969,88.3,72.07,30.7,31.4,33.3,32.5
2026-02-24 08:21:39,55.4,3811,86.4,72.06,34.2,30.9,34.8,35.2
2026-02-24 08:21:40,27.2,1339,85.6,72,33.2,31.2,34.4,35.4
2026-02-24 08:21:41,35.1,1803,99.4,71.99,30.7,30.9,32.7,34.2
2026-02-24 08:21:42,61.3,3601,95.6,71.98,32.2,31.8,32.6,34.3
2026-02-24 08:21:43,52.6,3421,99.6,71.96,31.7,32.1,33,34
2026-02-24 08:21:44,43,2693,96.5,71.94,32,30.9,32.3,31.1
2026-02-24 08:21:45,43.4,2635,93.3,71.94,32.4,32.5,32.5,32.8
2026-02-24 08:21:46,56.3,3850,93.4,71.92,34.6,33.3,33.5,33.4
2026-02-24 08:21:47,41.6,2415,92.5,71.89,33.3,31,33.2,33.7
2026-02-24 08:21:48,46.1,3321,87.9,71.86,32.5,32.4,33.9,33
2026-02-24 08:21:49,20.3,765,92.8,71.84,30.9,32.6,33.9,30.8
2026-02-24 08:21:50,71.6,4380,90.2,71.84,33.9,30.8,32.7,33.8
2026-02-24 08:21:51,56.5,3661,96.2,71.8,32.8,31.4,31.4,34.1
2026-02-24 08:21:52,57.5,3792,85.6,71.79,32.4,31.7,33.6,32.7
2026-02-24 08:21:53,16.4,700,85.2,71.79,31.6,31.9,32.3,32.2
2026-02-24 08:21:54,44.7,2494,101.4,71.78,30.2,32.6,32.5,31.1
2026-02-24 08:21:55,38.9,1754,91,71.78,33.1,31.7,32.5,32.4
2026-02-24 08:21:56,24.4,1392,99.8,71.75,31.8,32.1,33.7,30.4
2026-02-24 08:21:57,55.9,3204,98.2,71.68,33.4,31.4,34.1,35.2
2026-02-24 08:21:58,63.5,4106,87.2,71.65,33.3,32.5,36,32.1
2026-02-24 08:21:59,36.7,2327,86.4,71.63,31.9,30.7,31.6,33.8
2026-02-24 08:22:00,41.6,2407,88.4,71.6,31.5,34.2,33,32.5
2026-02-24 08:22:01,70.7,4651,80,71.6,33.7,29.6,32.5,32.4
2026-02-24 08:22:02,20.3,1175,93.9,71.59,32.7,31.5,34,32.2
2026-02-24 08:22:03,56.2,3767,88.8,71.56,32.3,30.3,33.1,32.9
2026-02-24 08:22:04,40.3,2618,83.5,71.55,33.6,33.1,32.1,32.9
2026-02-24 08:22:05,43.3,2796,86.9,71.54,34.4,31.6,32.7,33.7
2026-02-24 08:22:06,35.8,2420,99.3,71.54,30.3,30.7,33.6,33.2
2026-02-24 08:22:07,61.5,3504,98.9,71.51,32.4,30.6,32.9,33.9
2026-02-24 08:22:08,28.1,1263,99.1,71.47,33.3,32.1,32.5,35.5
2026-02-24 08:22:09,59.4,3807,88,71.43,31.2,30,35.3,30.7
2026-02-24 08:22:10,66.1,3576,101.3,71.4,31.4,31.3,34.7,34.9
2026-02-24 08:22:11,20.4,953,86.8,71.36,30.4,32.6,34,34.4
2026-02-24 08:22:12,28.1,1620,95.9,71.29,31.9,34.9,33.5,32
2026-02-24 08:22:13,53.9,3403,90.9,71.27,31.2,31.4,33.2,35.4
2026-02-24 08:22:14,30.7,2025,100.5,71.26,30.6,31.7,32.7,33.7
2026-02-24 08:22:15,34.6,1525,96.2,71.25,34.1,34.8,34,31.9
2026-02-24 08:22:16,38.3,2371,82.7,71.19,30.5,32.9,32.8,34
2026-02-24 08:22:17,39.8,1857,100.8,71.16,32.1,34,31.1,32.6
2026-02-24 08:22:18,55.6,4011,90,71.16,32.1,30.6,33.3,31.7
2026-02-24 08:22:19,36,1877,87.8,71.14,32.7,32,32.6,32
2026-02-24 08:22:20,46.3,3284,90,71.12,30.7,32.4,31.9,33
2026-02-24 08:22:21,56.1,3264,84.7,71.1,32.4,31.9,31.6,35.5
2026-02-24 08:22:22,21.9,1500,89.1,71.09,34.8,30.9,34.3,34.8
2026-02-24 08:22:23,34.7,1841,84.5,71.07,33.8,31.7,33.4,34
2026-02-24 08:22:24,57.9,3509,100.8,71.03,31.1,29,30.5,32.7
2026-02-24 08:22:25,39.4,2546,91.5,71.03,31.7,31.6,33.1,33.7
2026-02-24 08:22:26,7,878,78.2,71.03,32.4,33.6,33.9,34.9
2026-02-24 08:22:27,32.1,1738,84.6,71.02,32.9,32.6,31.2,32.6
2026-02-24 08:22:28,57.2,2963,90.1,71.02,32.5,32.2,32,32.9
2026-02-24 08:22:29,38.6,1948,75.2,71,31.8,31.2,31.9,36
2026-02-24 08:22:30,38.9,2372,79.3,70.93,32.9,30.6,32.2,33.1
2026-02-24 08:22:31,42.8,2646,81.8,70.92,31.3,32.9,32.4,30.4
2026-02-24 08:22:32,55.8,3265,97.9,70.91,32.1,34.6,34.2,32.5
2026-02-24 08:22:33,37.6,2271,93.6,70.91,32.4,31.4,34.8,30.8
2026-02-24 08:22:34,52.1,3033,90.8,70.88,32.1,31.2,33.7,34.6
2026-02-24 08:22:35,53.6,3090,83.5,70.88,33,32,36,35
2026-02-24 08:22:36,29.7,2456,89.1,70.87,31.1,31.5,32.8,34.7
2026-02-24 08:22:37,44.1,2672,84.8,70.84,31.3,32.6,33.8,34.7
2026-02-24 08:22:38,36.9,2581,92.7,70.84,32.3,31.4,33.3,32.5
2026-02-24 08:22:39,51.3,3863,95.3,70.78,31.5,34,33.8,31.9
2026-02-24 08:22:40,22.4,946,90.8,70.78,32.7,31.1,33.7,32.2
2026-02-24 08:22:41,68.1,4045,93.8,70.75,30.5,33.2,33.5,31.9
2026-02-24 08:22:42,65.2,3911,98.4,70.74,31.6,32.5,34.5,32.5
2026-02-24 08:22:43,32.4,2306,92.2,70.74,29.7,31.5,33.3,31.9
2026-02-24 08:22:44,35,2001,85.8,70.74,34.3,32.8,33.2,35.2
2026-02-24 08:22:45,31.4,1978,103.3,70.72,32.3,32.3,32.1,35.3
2026-02-24 08:22:46,43,2634,93.5,70.7,32.2,33.8,31.7,32.1
2026-02-24 08:22:47,37.5,2362,89.1,70.68,31.5,32.4,30.8,33.2
2026-02-24 08:22:48,46.7,2609,91.1,70.64,31.7,33,32.5,32.7
2026-02-24 08:22:49,16.9,1787,115.4,70.64,29.9,31.8,32.7,31.3
2026-02-24 08:22:50,47.4,2502,91.1,70.64,31.9,31.1,35,31.8
2026-02-24 08:22:51,45.2,2619,87.8,70.63,31.6,33.3,32.9,32.6
2026-02-24 08:22:52,21,1385,95.9,70.63,32.5,31.7,34.6,33.2
2026-02-24 08:22:53,49.1,3075,91.4,70.62,31.3,31.8,34.2,31.2
2026-02-24 08:22:54,45.8,2397,88.3,70.59,32.4,30.7,33.3,31.1
2026-02-24 08:22:55,41.5,2445,80.8,70.59,32.3,32.4,33.3,31.5
2026-02-24 08:22:56,44.8,2268,88.7,70.58,34,32.3,34.1,33.4
2026-02-24 08:22:57,50.8,3323,94.2,70.58,32.6,32,32.1,31.3
2026-02-24 08:22:58,50.2,2736,95.9,70.56,33.2,32.2,32.9,33.2
2026-02-24 08:22:59,38.5,1972,84.4,70.55,32.7,31.2,34,34.1
2026-02-24 08:23:00,62.3,3736,101.1,70.52,31.1,32,32.3,31.1
2026-02-24 08:23:01,44.5,2293,85.6,70.49,31.3,33.1,33.4,31.9
2026-02-24 08:23:02,43,2644,88.3,70.44,31.8,30.8,34.3,34.4
2026-02-24 08:23:03,59.2,3385,93.1,70.44,30.5,32.4,33.8,33.8
2026-02-24 08:23:04,59.9,3406,94.5,70.41,33.2,29.4,33.4,33.3
2026-02-24 08:23:05,34.5,1591,91.9,70.4,31.9,34.6,33.6,34.5
2026-02-24 08:23:06,30.1,1063,88.4,70.4,32.1,31.2,34.3,32.8
2026-02-24 08:23:07,34.4,2397,81.5,70.39,32.3,29.5,32.8,33.7
2026-02-24 08:23:08,27.4,2172,85.7,70.37,33.5,32.3,33.6,36
2026-02-24 08:23:09,18.3,1475,93.6,70.37,31.6,32.5,29.4,34
2026-02-24 08:23:10,49.7,2958,94.1,70.34,30.8,31.9,34.2,33.2
2026-02-24 08:23:11,42.8,2612,93.5,70.34,32.7,33.5,33.6,35
2026-02-24 08:23:12,54.6,3382,91.6,70.32,30.7,33.4,34.9,31.6
2026-02-24 08:23:13,45,2599,91.9,70.29,31.8,32,33.6,32.5
2026-02-24 08:23:14,51.1,3214,92.6,70.23,32.1,33,32.7,35.2
2026-02-24 08:23:15,37.6,2505,110.2,70.19,30,34.3,30.4,32.5
2026-02-24 08:23:16,30.6,2120,92,70.19,31.9,30.7,30.3,34.2
2026-02-24 08:23:17,56.7,3752,85.9,70.19,33.3,33.2,34.1,34.3
2026-02-24 08:23:18,56.4,3258,98.3,70.18,32.7,31.3,33.6,32.9
2026-02-24 08:23:19,19,1240,100.8,70.15,32.7,32.8,34.3,32.7
2026-02-24 08:23:20,58.2,3460,97,70.11,31.9,32.1,35.4,33.9
2026-02-24 08:23:21,18.4,718,91.3,70.07,32.5,32.2,33.8,31.2
2026-02-24 08:23:22,44.3,2386,82.6,70.06,31.4,32.3,32,33.4
2026-02-24 08:23:23,39.1,2261,96.6,70,33.7,32.3,31.7,34.3
2026-02-24 08:23:24,43.1,2666,98.8,70,31.8,32.7,33.1,31.3
2026-02-24 08:23:25,61.4,4051,84.8,69.98,34.1,32.8,31.8,33.5
2026-02-24 08:23:26,26.2,1818,85.7,69.96,29.6,32.1,32.8,31.5
2026-02-24 08:23:27,41,2086,87.9,69.96,31.4,32.9,33.8,33.4
2026-02-24 08:23:28,83.3,5178,86.5,69.95,32.3,33,33.9,33
2026-02-24 08:23:29,22.8,1095,91.8,69.91,34.4,31.4,34.2,33.5
2026-02-24 08:23:30,35.6,2406,80.3,69.87,30.9,34.7,33.7,33.4
2026-02-24 08:23:31,44.4,2378,92.9,69.87,32.3,30.6,32.9,33.9
2026-02-24 08:23:32,48,2508,89.8,69.84,31.2,31.8,34.7,33
2026-02-24 08:23:33,37,2244,99.9,69.81,31.1,31.5,33.3,32.4
2026-02-24 08:23:34,41,2216,85.7,69.77,33.2,29.8,32.4,35.4
2026-02-24 08:23:35,61.3,3997,103.2,69.76,31.9,34.2,34,34.5
2026-02-24 08:23:36,42.3,2223,91,69.74,30.6,31.5,33.1,34.6
2026-02-24 08:23:37,48.8,3083,92.6,69.72,32.2,31.2,30.6,33.7
2026-02-24 08:23:38,50.5,3326,87.1,69.72,32.5,29.8,34.1,33.1
2026-02-24 08:23:39,51.1,2961,81,69.7,31.1,33.6,33.2,36.5
2026-02-24 08:23:40,52.4,3280,82.7,69.68,31.6,31,35.3,34.2
2026-02-24 08:23:41,45.8,2570,92.7,69.65,33.6,32.9,31.6,33.2
2026-02-24 08:23:42,34.4,1723,91.8,69.59,31.8,32,33.9,32.7
2026-02-24 08:23:43,44.1,1946,99.7,69.55,28.8,33.8,33.2,31.7
2026-02-24 08:23:44,30.5,1552,91.3,69.51,33,29.7,31.1,32.8
2026-02-24 08:23:45,46.4,2903,99.7,69.5,31.2,31.5,33.5,33.9
2026-02-24 08:23:46,39.8,2410,102.2,69.48,32.1,30.8,32.8,33.3
2026-02-24 08:23:47,43.2,2275,93.6,69.46,32.7,33.4,32.2,32.1
2026-02-24 08:23:48,28.5,1687,97.9,69.44,29.2,33,33.5,35.3
2026-02-24 08:23:49,40.8,1723,89.6,69.44,34.1,31,30.9,35.1
2026-02-24 08:23:50,28.7,1965,82.6,69.41,34.3,34.1,32.2,33.4
2026-02-24 08:23:51,38.9,2073,90.8,69.41,31,32.7,32.4,32.6
2026-02-24 08:23:52,52.9,3136,90.9,69.34,33.2,30.7,32.7,31.9
2026-02-24 08:23:53,48.6,3039,84.9,69.32,35.3,31.3,34.3,33.6
2026-02-24 08:23:54,58.5,3255,91.3,69.31,30.7,32.7,33,33.3
2026-02-24 08:23:55,52.3,3578,101.1,69.29,33,33.1,32.5,36
2026-02-24 08:23:56,46.7,2894,89.4,69.29,30.8,30.2,32.8,33.3
2026-02-24 08:23:57,60,3729,102.9,69.27,31.3,31.1,32.8,32.2
2026-02-24 08:23:58,62.9,4017,86,69.27,31.6,30.4,32.5,33
2026-02-24 08:23:59,24,1716,84,69.27,31.8,30.5,31.7,33.1
2026-02-24 08:24:00,58.4,3667,83.2,69.25,33.8,33.1,32,33.6
2026-02-24 08:24:01,56.7,4113,94.1,69.22,33.4,31.8,31.8,33.2
2026-02-24 08:24:02,59.1,3365,90.4,69.21,33.3,32.8,32,33.2
2026-02-24 08:24:03,31.4,2352,92.8,69.21,32.5,30.1,33.7,31.6
2026-02-24 08:24:04,81.1,4460,97.8,69.2,33.1,30.4,33.1,34.9
2026-02-24 08:24:05,6.1,700,100.2,69.19,31.8,34,32.3,29.4
2026-02-24 08:24:06,45.1,2563,89.1,69.16,31.4,32.1,32.9,32.4
2026-02-24 08:24:07,46.8,2539,101.9,69.14,30.9,33.3,33.9,31.8
2026-02-24 08:24:08,42.8,2600,91.1,69.12,30.9,31.4,35.3,31.4
2026-02-24 08:24:09,56.2,3567,90,69.11,33.1,32.3,33.2,33.8
2026-02-24 08:24:10,46.9,2568,83.9,69.07,31.4,31.9,32.5,32.6
2026-02-24 08:24:11,33.3,2106,85.7,69.07,30.6,32.6,33.7,33.8
2026-02-24 08:24:12,66.2,4162,91.4,69.03,33.9,33.7,33.7,31.1
2026-02-24 08:24:13,40.6,2465,93.3,69,33.9,31.3,33.2,33.6
2026-02-24 08:24:14,54.2,3012,86.1,68.99,33.4,33.3,33,35.7
2026-02-24 08:24:15,35,1769,98.6,68.96,31.9,33.1,31.1,32.5
2026-02-24 08:24:16,29.1,1491,99.6,68.93,30,31.6,32.5,31.8
2026-02-24 08:24:17,35.9,2310,120.4,68.91,33.1,30.8,34.2,32.7
2026-02-24 08:24:18,29.1,2281,87.7,68.91,32.2,33.7,32.6,33.7
2026-02-24 08:24:19,53,3000,96.3,68.91,31.2,30.6,33.2,33.1
2026-02-24 08:24:20,21.7,1744,97.8,68.9,32.1,31.5,34.1,31.4
2026-02-24 08:24:21,30.3,1507,93.2,68.9,31.6,30.2,33.8,33.6
2026-02-24 08:24:22,45.4,2553,91.3,68.88,33.2,32.3,34.1,32.5
2026-02-24 08:24:23,19.3,1135,92.4,68.88,30.4,31.2,33.3,34.2
2026-02-24 08:24:24,37.4,2115,94.7,68.88,33.5,32,32.7,32.4
2026-02-24 08:24:25,40.4,2478,93.1,68.88,31.6,30.7,32.8,33.4
2026-02-24 08:24:26,65.2,4162,111.8,68.85,32.8,34.1,31.7,32.4
2026-02-24 08:24:27,41.1,2780,87.5,68.84,31.1,31.6,31.8,30.8
2026-02-24 08:24:28,37.2,2461,87.9,68.82,32.8,31.1,33.5,32.6
2026-02-24 08:24:29,35.1,1654,96.1,68.8,30.1,32.3,34.4,33.7
2026-02-24 08:24:30,51.7,2925,98.7,68.78,30.7,32.3,33.2,32.6
2026-02-24 08:24:31,40.2,2306,92.6,68.78,33.6,31.7,32.3,32.1
2026-02-24 08:24:32,36.8,2416,92.4,68.74,28.9,29.3,34,33.9
2026-02-24 08:24:33,40.8,1978,91.2,68.74,32.8,32,34.2,35.6
2026-02-24 08:24:34,61,3457,99.5,68.73,32,31.3,33.6,32.8
2026-02-24 08:24:35,68.5,4310,89.6,68.72,30.5,30.2,32.2,33.2
2026-02-24 08:24:36,35.4,2411,90.2,68.72,31.3,34.3,33.8,35.7
2026-02-24 08:24:37,45.3,2805,99,68.71,32.3,32.8,35.6,33
2026-02-24 08:24:38,40.1,2911,99.1,68.69,31.8,34.6,32.4,32
2026-02-24 08:24:39,72.9,3650,90.1,68.69,32.5,32.8,33.6,30.7
2026-02-24 08:24:40,53.9,3303,89.9,68.68,32.5,32.4,32.7,32.4
2026-02-24 08:24:41,18.3,1078,101.2,68.63,34.7,30.4,32.6,34.1
2026-02-24 08:24:42,38.5,2009,100,68.62,31.4,31.2,31.5,32.5
2026-02-24 08:24:43,10.6,700,99,68.62,32.7,31.5,30.6,32.4
2026-02-24 08:24:44,43.6,2688,87.7,68.59,31.7,31.6,34.3,34.3
2026-02-24 08:24:45,55.6,3700,83.8,68.59,30.4,31.3,32.1,31.7
2026-02-24 08:24:46,31.6,1972,97.7,68.58,32.5,33.9,32.1,31
2026-02-24 08:24:47,25.8,1744,92.8,68.57,30,33.2,31.9,33.2
2026-02-24 08:24:48,63.8,3549,99.6,68.57,32.9,32,33.2,32.4
2026-02-24 08:24:49,30.5,1697,84.2,68.55,32.1,31.5,30.9,33.6
2026-02-24 08:24:50,58.6,3504,103.1,68.52,22,33.9,31.9,30.5
2026-02-24 08:24:51,48.2,2935,90,68.48,30.9,33.6,31.2,32.2
2026-02-24 08:24:52,58.2,3651,91.1,68.43,31.6,30.4,35.5,34.3
2026-02-24 08:24:53,60,3544,93.6,68.42,30.8,31.8,30.9,31.5
2026-02-24 08:24:54,62.1,3956,88.1,68.39,33.2,31.1,31.9,33.5
2026-02-24 08:24:55,63.5,3889,93.1,68.38,30.3,31.7,33.1,33.3
2026-02-24 08:24:56,49.4,2557,88.2,68.35,33,32.2,32,31
2026-02-24 08:24:57,47.6,2964,93.3,68.35,32.4,31.4,31.2,34.2
2026-02-24 08:24:58,30.7,1330,86.7,68.33,33.1,33.8,34.2,33.4
2026-02-24 08:24:59,26.8,1417,87.2,68.28,32.3,32,32.8,33.6
2026-02-24 08:25:00,36,2247,96.8,68.26,33,30.9,33.1,32.7
2026-02-24 08:25:01,43,2189,105.2,68.25,22,30.1,31,32.6
2026-02-24 08:25:02,30.2,1778,90.3,68.25,30.8,33.4,34.5,33.9
2026-02-24 08:25:03,57.5,3422,87.8,68.22,29.5,31.3,33.4,35.8
2026-02-24 08:25:04,33.1,1949,97.7,68.16,33.9,30.5,33.1,32
2026-02-24 08:25:05,50.1,2741,90.4,68.16,33.5,32.2,31.8,33.8
2026-02-24 08:25:06,58.1,3666,96.1,68.15,29.9,33.1,33,34.3
2026-02-24 08:25:07,27.3,1853,82.2,68.11,33.3,31.7,33.6,35.2
2026-02-24 08:25:08,60.3,3501,95.1,68.06,22,33.2,34.2,33
2026-02-24 08:25:09,13.4,932,104.7,68.05,32.6,31.6,33.4,33.6
2026-02-24 08:25:10,48.4,2653,93.4,68.04,31.4,31.9,32.3,31.9
2026-02-24 08:25:11,67.7,4069,99.6,68.04,33.9,33.2,34.3,33.7
2026-02-24 08:25:12,53.3,3426,92.6,68.02,33.6,31.1,31.6,33
2026-02-24 08:25:13,58.7,3596,97.9,67.97,33.4,31.4,34.6,35.1
2026-02-24 08:25:14,36.7,2244,89.8,67.95,31.5,29.9,33,33.3
2026-02-24 08:25:15,49.5,3372,89.5,67.91,31.6,31.8,32.5,33.1
2026-02-24 08:25:16,61.6,3471,94.5,67.89,32.2,30.2,32.2,32.1
2026-02-24 08:25:17,25.1,1739,94.9,67.86,31.4,32.4,32.4,32
2026-02-24 08:25:18,60,3668,99.5,67.82,30.6,32.7,32.6,34.5
2026-02-24 08:25:19,23.9,1213,97.7,67.79,31.8,32.2,34.6,33.4
2026-02-24 08:25:20,37.5,2229,87.6,67.79,30.7,32.2,33.9,35.6
2026-02-24 08:25:21,84.3,4945,90.2,67.75,32.4,34.1,32.9,32.3
2026-02-24 08:25:22,52.7,3361,90.8,67.73,31.4,31.2,35.3,30.1
2026-02-24 08:25:23,43.6,2739,95.9,67.66,31.6,33.1,32.9,34.8
2026-02-24 08:25:24,59.7,3032,83.5,67.59,30,30,31.9,34.8
2026-02-24 08:25:25,41.3,2973,98,67.59,34,33.3,35.3,32.9
2026-02-24 08:25:26,54.3,2618,92.2,67.53,31.8,32,30.6,31
2026-02-24 08:25:27,39.8,2594,92.8,67.5,31.7,31.3,34.5,32.8
2026-02-24 08:25:28,9.7,700,96.5,67.49,33.4,34,33.7,32.6
2026-02-24 08:25:29,52.1,3447,91.6,67.47,30.8,31.7,31.3,32.7
2026-02-24 08:25:30,37.3,2357,87.8,67.44,31.1,32.8,34.8,32.5
2026-02-24 08:25:31,36.4,2600,87.7,67.42,32.9,32.8,31.1,33
2026-02-24 08:25:32,45.1,2653,88.7,67.42,33,31.4,32.9,33.9
2026-02-24 08:25:33,65.1,3177,93.7,67.39,29.9,32.2,31.9,34
2026-02-24 08:25:34,49.4,2894,83.5,67.39,32.1,31.3,32.9,32.2
2026-02-24 08:25:35,57.6,3488,84.4,67.37,32.2,29.5,34.1,32.9
2026-02-24 08:25:36,54.4,3629,97.3,67.33,32.2,31,33.6,33.2
2026-02-24 08:25:37,46.5,2438,87.5,67.33,33.3,29.2,32.4,30
2026-02-24 08:25:38,55.1,3226,89.4,67.31,30.3,31.8,33.7,34.8
2026-02-24 08:25:39,42.9,2438,105.3,67.27,31.5,32.4,31.8,31.5
2026-02-24 08:25:40,26.3,2029,89.6,67.25,30.3,32.1,32.9,34.3
2026-02-24 08:25:41,50.2,2525,89.7,67.24,31.8,30.2,33.1,32.8
2026-02-24 08:25:42,10.8,966,95.2,67.23,30.6,33.4,30.7,34.8
2026-02-24 08:25:43,30.2,2159,97,67.22,31.7,31.4,31.3,36
2026-02-24 08:25:44,44.1,2612,96.8,67.17,32.3,30.1,31.9,33
2026-02-24 08:25:45,42.6,2813,108.2,67.15,32.7,31.5,34,32.3
2026-02-24 08:25:46,38.7,2475,104.4,67.14,31.8,33,33.9,33.5
2026-02-24 08:25:47,59.8,3374,99.4,67.12,32,33,32.3,34
2026-02-24 08:25:48,29,1532,84.3,67.09,31.9,32.6,30.3,34.6
2026-02-24 08:25:49,5.8,700,90.3,67.04,31.5,29.8,32,31
2026-02-24 08:25:50,56.7,3876,79.6,66.98,32,34.2,32.3,32.9
2026-02-24 08:25:51,45.7,3131,83.6,66.98,30.1,33.5,35.5,32.9
2026-02-24 08:25:52,43.4,2985,93.4,66.95,30.3,31.4,32.8,32.9
2026-02-24 08:25:53,39.1,2341,94.8,66.92,31.6,33,32.7,33.1
2026-02-24 08:25:54,19.7,1007,85.7,66.9,29.9,30,34.8,31.6
2026-02-24 08:25:55,30.7,1346,89.6,66.87,32.7,32,32.5,34.5
2026-02-24 08:25:56,52.6,2984,129.3,66.83,30.3,33.8,33.6,31.2
2026-02-24 08:25:57,45.3,2446,92.1,66.79,31.9,32.7,32.9,34.2
2026-02-24 08:25:58,23.7,1012,99.2,66.79,31.9,33.8,32.2,34.7
2026-02-24 08:25:59,54,3332,95,66.75,34.2,29,33.2,32.5
2026-02-24 08:26:00,56.8,3266,90.1,66.7,30.8,31.9,33.3,32.5
2026-02-24 08:26:01,43,2714,87.3,66.67,30.5,33,34.3,33.2
2026-02-24 08:26:02,44.8,2455,94.9,66.67,34,31.6,32.9,34.2
2026-02-24 08:26:03,66.1,4584,88.2,66.62,29.9,32.3,32.3,33.2
2026-02-24 08:26:04,50.9,3830,91.5,66.62,31.5,32,32.1,34.1
2026-02-24 08:26:05,63.3,4248,93.9,66.57,33.2,32.5,33.5,33.7
2026-02-24 08:26:06,44.3,2628,91.6,66.55,32,31.9,32.7,34.8
2026-02-24 08:26:07,67.2,4226,86.2,66.55,32.2,31.9,33.6,33.2
2026-02-24 08:26:08,43.9,2213,85.5,66.55,33.5,31.6,32.5,33.1
2026-02-24 08:26:09,58.8,3128,93.9,66.51,32.7,31.8,32.5,31.8
2026-02-24 08:26:10,39.8,2254,95.8,66.5,30.4,32.2,31.6,32
2026-02-24 08:26:11,28.8,2235,93.9,66.48,32.2,30.8,33.5,31.7
2026-02-24 08:26:12,60,3533,95.1,66.46,31,31.5,33.9,32.4
2026-02-24 08:26:13,79.4,5041,85.4,66.44,32.8,32.6,31.9,35.2
2026-02-24 08:26:14,40.1,2391,90.3,66.44,32.2,31.4,35.6,33.1
2026-02-24 08:26:15,67,3916,96.5,66.44,32,32.2,33.1,33.1
2026-02-24 08:26:16,41.4,2544,100.5,66.41,29.7,35.1,30.9,32.6
2026-02-24 08:26:17,58.9,3494,86.5,66.37,32.7,32.7,33.6,33.2
2026-02-24 08:26:18,30.2,2248,82,66.35,32.4,30.2,33.4,33.3
2026-02-24 08:26:19,49.1,2550,92.7,66.35,30.2,32.3,32.7,32.8
2026-02-24 08:26:20,33.5,2043,94.2,66.3,31.1,33,33.6,32.7
2026-02-24 08:26:21,24.7,1474,97.4,66.3,31.3,29.6,33.6,31.4
2026-02-24 08:26:22,54.8,3247,100.7,66.27,32.7,32.1,33.8,33.1
2026-02-24 08:26:23,69.1,3954,91.7,66.27,30.1,32.3,31.8,33.8
2026-02-24 08:26:24,33.2,2207,83.9,66.23,30.5,34.7,34.1,31.1
2026-02-24 08:26:25,31.7,1459,82.4,66.2,32.5,33.9,32.3,32.7
2026-02-24 08:26:26,28.9,1960,82.1,66.18,32,30.3,32.1,34.4
2026-02-24 08:26:27,38.1,1629,91.8,66.17,31.6,32.1,34.7,34.2
2026-02-24 08:26:28,55,3766,94.4,66.13,32.3,31.8,30.9,31.8
2026-02-24 08:26:29,55.7,3553,88.1,66.08,31.7,31.1,34,32.7
2026-02-24 08:26:30,51.6,3111,99.9,66.04,29.8,32.8,30.9,33.9
2026-02-24 08:26:31,56.4,2656,95.4,65.97,30.6,32.3,33.8,32.6
2026-02-24 08:26:32,38,2254,90.6,65.96,32.6,30.2,33.7,32.2
2026-02-24 08:26:33,42.4,2322,96.1,65.96,30.6,29.5,32.5,33.5
2026-02-24 08:26:34,55.2,3662,94.7,65.9,33.7,32,31.4,31.9
2026-02-24 08:26:35,40.8,1958,89.9,65.88,33.8,34.9,32.7,33.4
2026-02-24 08:26:36,30.6,1352,94.8,65.83,30.2,30.5,33.4,33.2
2026-02-24 08:26:37,24.3,1391,99.8,65.81,33.3,32.8,35.8,33.8
2026-02-24 08:26:38,85.5,5113,96.9,65.81,32.2,31.1,32,32.8
2026-02-24 08:26:39,19.5,982,95.7,65.76,32.3,30.7,33.7,34.5
2026-02-24 08:26:40,45.4,2669,89,65.73,32.1,31.9,31.6,32.6
2026-02-24 08:26:41,74,4361,93,65.73,32.4,33.9,30.6,33.1
2026-02-24 08:26:42,57.6,3298,85.7,65.72,31.5,31.8,31.8,33.5
2026-02-24 08:26:43,42.2,2329,94.1,65.71,31.3,32.2,34.6,33.8
2026-02-24 08:26:44,53,3133,89.5,65.69,34.1,29.1,32.8,31.3
2026-02-24 08:26:45,71.8,4599,87,65.68,31,31.5,33.9,32
2026-02-24 08:26:46,47.8,3427,86.5,65.67,31.2,33.5,31.2,35
2026-02-24 08:26:47,36.5,2496,92.4,65.64,30.7,31.1,33.3,32.6
2026-02-24 08:26:48,66.8,4022,90.6,65.62,32.3,31.3,32.4,32.6
2026-02-24 08:26:49,73,4019,86.8,65.62,31.2,31,33,32.3
2026-02-24 08:26:50,30.2,2085,92.4,65.62,32.1,30.3,34.2,31.7
2026-02-24 08:26:51,55.8,3787,102.4,65.61,32.4,31.8,30.8,33.2
2026-02-24 08:26:52,46.9,2759,102.5,65.58,35,31,33.6,32.1
2026-02-24 08:26:53,55.5,3273,87.6,65.55,30.5,32.5,34,33.4
2026-02-24 08:26:54,52.9,3547,88,65.53,33.5,30.6,33.3,33
2026-02-24 08:26:55,44.7,2738,92.4,65.53,32.2,30.8,33.9,31.7
2026-02-24 08:26:56,51.6,3777,90,65.52,30.5,31.5,35.5,32.2
2026-02-24 08:26:57,26.8,1593,102.7,65.5,34.3,32.9,33.5,35.1
2026-02-24 08:26:58,23.9,949,95,65.49,33.7,32,32.4,33.2
2026-02-24 08:26:59,55.8,3665,95.4,65.47,32.6,33.2,33.6,32.7
2026-02-24 08:27:00,46.3,2887,95.4,65.45,34.2,31.6,32.7,34.1
2026-02-24 08:27:01,43,2500,90.2,65.45,32.4,31.1,33,33.6
2026-02-24 08:27:02,19.9,817,97,65.4,31.7,29.8,29.8,34.2
2026-02-24 08:27:03,36.5,2453,83.8,65.4,33.2,32.8,32.2,30.9
2026-02-24 08:27:04,47.9,3052,92,65.4,33.5,33.7,33.4,33.7
2026-02-24 08:27:05,37.7,2343,100,65.39,29.8,31.8,35,33.2
2026-02-24 08:27:06,46.2,3238,81.2,65.35,32.5,32.6,32.2,33.8
2026-02-24 08:27:07,50.8,2729,85.8,65.34,33.3,31.2,33.9,35.9
2026-02-24 08:27:08,42.9,2636,85.3,65.31,32.7,32.1,33.2,32.9
2026-02-24 08:27:09,51.4,3009,96.4,65.3,31.6,33.4,32.6,29
2026-02-24 08:27:10,41.4,2639,91.9,65.28,31.3,31.9,32.9,31.3
2026-02-24 08:27:11,40.2,2545,90.5,65.28,31.6,30.9,33.7,33.3
2026-02-24 08:27:12,41.2,2437,96.4,65.27,32.2,31.1,34.9,35.4
2026-02-24 08:27:13,54.6,2827,81.1,65.27,31.6,29.8,33,33.3
2026-02-24 08:27:14,57.3,3452,97.6,65.25,32.1,30.7,34.5,32.6
2026-02-24 08:27:15,80,5244,89.1,65.25,32.7,30.8,33.3,34.2
2026-02-24 08:27:16,30.3,1229,94.3,65.23,32.9,33,33.6,30.1
2026-02-24 08:27:17,34.4,1902,98,65.15,31.8,31.1,31.6,32.7
2026-02-24 08:27:18,54.7,3433,88.1,65.15,30.9,32.8,32.5,36
2026-02-24 08:27:19,69.6,3848,102.3,65.15,31.9,33.1,33,32.3
2026-02-24 08:27:20,63.4,3496,91,65.14,32.1,33,35,33.8
2026-02-24 08:27:21,38,1976,96.9,65.14,29.5,32,32,31.1
2026-02-24 08:27:22,34.8,1853,82.3,65.11,29.7,34.6,33.1,31.8
2026-02-24 08:27:23,70.4,4332,86.8,65.06,31.7,32.6,33.5,31.2
2026-02-24 08:27:24,68.1,4686,91.5,65.01,31.1,34,33.5,33.3
2026-02-24 08:27:25,48.2,3058,97.7,65.01,31.4,33.4,32.8,33.2
2026-02-24 08:27:26,70.5,3988,92.6,64.96,31.2,33.5,33.2,34
2026-02-24 08:27:27,44.9,2527,83.5,64.92,29.4,30.7,30.7,33.6
2026-02-24 08:27:28,32.7,1636,95.4,64.89,31.7,30.9,32.6,33.6
2026-02-24 08:27:29,44.2,2436,93.4,64.89,31.5,32,31.6,32.4
2026-02-24 08:27:30,46.2,2564,98.2,64.85,31.6,31.6,32.6,32
2026-02-24 08:27:31,21.6,1720,91.3,64.82,31.1,32.2,33.2,33.9
2026-02-24 08:27:32,42.4,2736,105.2,64.77,33.7,30.2,34,32.1
2026-02-24 08:27:33,38.7,1807,85.3,64.77,31.5,32.5,34,35.5
2026-02-24 08:27:34,52.4,3392,95.7,64.75,31.2,31.5,33,32.9
2026-02-24 08:27:35,37,2604,101.7,64.75,32.1,31.1,32.2,32.3
2026-02-24 08:27:36,52.2,3063,89.3,64.75,32.2,30.7,33,31.6
2026-02-24 08:27:37,53,3588,95.9,64.73,32.5,31.3,31.1,34
2026-02-24 08:27:38,40.8,2550,94.1,64.7,29.9,33.6,32.7,33.4
2026-02-24 08:27:39,44.3,2851,89.7,64.68,33.1,32.5,32.3,32.3
2026-02-24 08:27:40,80.7,4746,102,64.68,31.8,31.1,32.6,33.7
2026-02-24 08:27:41,68.2,4524,90.4,64.63,32.2,31.9,32.9,32.5
2026-02-24 08:27:42,68.3,4114,87.2,64.59,31.5,33.8,31.9,32.3
2026-02-24 08:27:43,45.9,2673,80.5,64.59,31.5,30.5,32,31.4
2026-02-24 08:27:44,32.4,2084,97.5,64.56,32.4,33.2,31.3,32.1
2026-02-24 08:27:45,53.6,3183,84.5,64.56,32.3,32.4,34.1,30.7
2026-02-24 08:27:46,46,2683,95.5,64.55,31.9,30.9,34.6,33.1
2026-02-24 08:27:47,98.8,6146,94.6,64.52,32.7,30.1,31.8,31.6
2026-02-24 08:27:48,16,900,77.3,64.51,33.4,33.8,32.5,32.8
2026-02-24 08:27:49,42,2393,92.8,64.5,30.9,30.1,34.4,33.1
2026-02-24 08:27:50,67.3,3875,92.5,64.48,31.5,31.2,33.9,32.8
2026-02-24 08:27:51,13.5,700,96.7,64.48,31.8,31.9,34,34.8
2026-02-24 08:27:52,41.1,2948,86.6,64.48,30.5,30.8,32.5,30.5
2026-02-24 08:27:53,50,2804,99.6,64.45,33.1,32.9,35.4,33.1
2026-02-24 08:27:54,41.7,2388,98.3,64.44,31.9,32.7,31.4,32.9
2026-02-24 08:27:55,31,1886,106.1,64.42,30.6,31.4,33.3,31.3
2026-02-24 08:27:56,43.2,2397,100.8,64.39,32.2,32.5,32.8,34
2026-02-24 08:27:57,65.1,3301,87,64.37,31.7,33.1,34.7,33.5
2026-02-24 08:27:58,24.8,1623,92.4,64.36,31.4,31.4,31.2,34.2
2026-02-24 08:27:59,66.2,4129,88.7,64.36,31.1,32,32.9,32.9
2026-02-24 08:28:00,58.7,3448,83.2,64.36,34.3,32.4,31.3,31.7
2026-02-24 08:28:01,26.4,1421,80.9,64.35,33.5,30.7,32,32.1
2026-02-24 08:28:02,22.5,1109,91.9,64.35,31.3,31.4,31.2,32.4
2026-02-24 08:28:03,45.5,3316,84.9,64.33,32.3,32.6,35.9,32.5
2026-02-24 08:28:04,49.3,2869,94,64.31,32.2,31.9,33.1,35.1
2026-02-24 08:28:05,62.8,3757,96.9,64.27,32.9,30.1,31.3,35.2
2026-02-24 08:28:06,44.4,2696,99.4,64.26,31.4,32.2,33.7,34.1
2026-02-24 08:28:07,51.3,3009,90.5,64.25,34,33,33.9,33.6
2026-02-24 08:28:08,64.3,4575,98.6,64.24,32.8,32.1,32.6,32.6
2026-02-24 08:28:09,62.6,3753,98.8,64.22,32.8,33.4,34.4,31.9
2026-02-24 08:28:10,57.4,3117,94.3,64.21,31.5,31.8,32.3,32.8
2026-02-24 08:28:11,49.9,3088,88.7,64.18,33.2,31.2,34.3,35.7
2026-02-24 08:28:12,50.7,3371,97.7,64.18,32.8,31.8,30.9,31.3
2026-02-24 08:28:13,63,3474,80.8,64.15,32.8,33.4,32.6,32.8
2026-02-24 08:28:14,61.5,4191,100,64.14,31.1,31.1,35.1,34
2026-02-24 08:28:15,44.1,2729,99.5,64.08,32.4,32.8,31.3,31.9
2026-02-24 08:28:16,50.5,2975,91.3,64.08,31.8,33.3,31.8,33.6
2026-02-24 08:28:17,70.4,4484,93.5,64.08,32.1,35.2,32.3,32.8
2026-02-24 08:28:18,67.1,3605,81.5,64.06,32.1,29.2,31.2,32.3
2026-02-24 08:28:19,30.3,2263,87.9,64.03,30.5,31.1,35,34.1
2026-02-24 08:28:20,66.7,3824,89.3,64,32.3,32.1,33.1,33.3
2026-02-24 08:28:21,43.7,2356,103.2,63.99,30.4,31.1,34.2,34.3
2026-02-24 08:28:22,21.4,1126,83,63.97,32.3,33.5,32.6,33.3
2026-02-24 08:28:23,64.4,3873,86.2,63.97,33.9,33.9,34.5,32.2
2026-02-24 08:28:24,46.3,2494,93.6,63.94,33.4,31.9,33.8,34.3
2026-02-24 08:28:25,59.5,2820,93.5,63.9,32.5,31.4,32.8,35.2
2026-02-24 08:28:26,74.1,4490,90.7,63.88,30.7,33.3,33.3,34.3
2026-02-24 08:28:27,61.2,3930,92.3,63.87,31.4,29.8,33.3,33
2026-02-24 08:28:28,39.7,2319,96.7,63.87,32,31.5,34.9,34.6
2026-02-24 08:28:29,43,2700,90.1,63.86,31.2,32.1,33.3,33.3
2026-02-24 08:28:30,30.2,2040,98.5,63.81,32.1,34.6,32.5,33.4
2026-02-24 08:28:31,32.7,1672,96.7,63.8,30.8,30.2,29.6,32.4
2026-02-24 08:28:32,52.3,3649,102.5,63.79,32.6,31.9,31.1,32.1
2026-02-24 08:28:33,40.5,2185,90.4,63.74,31.9,30.6,33,31.9
2026-02-24 08:28:34,54.9,3309,85.7,63.74,31.1,31.1,32.6,32.8
2026-02-24 08:28:35,57.5,3996,93.4,63.73,31.1,32.1,33.2,34.2
2026-02-24 08:28:36,50.5,3100,97.5,63.71,31.5,32.7,32.9,30.9
2026-02-24 08:28:37,39,2331,100.3,63.7,32.3,31.6,34.7,32.8
2026-02-24 08:28:38,22.5,1009,103.7,63.7,32.2,33.1,31.3,33.3
2026-02-24 08:28:39,46.7,2455,80.3,63.67,31.8,31.7,32.1,34.4
2026-02-24 08:28:40,29.4,1600,89.6,63.64,31,30.7,31.9,30.5
2026-02-24 08:28:41,54.7,3152,99.9,63.61,33.5,33,33,32.8
2026-02-24 08:28:42,56.6,3895,86.1,63.6,32.3,30.5,32.6,33.5
2026-02-24 08:28:43,49.7,2813,89.8,63.59,31.4,31.3,32.9,31.4
2026-02-24 08:28:44,29.4,1420,84.7,63.56,31.9,31,34.3,33.1
2026-02-24 08:28:45,33.7,2235,87.1,63.56,32.6,31.4,34.6,32.9
2026-02-24 08:28:46,37.6,2304,87.7,63.54,29.8,33.4,33.7,32.9
2026-02-24 08:28:47,47.2,2866,87,63.51,30.5,34,33.6,33
2026-02-24 08:28:48,80.3,5267,95.4,63.51,30.9,32,34.2,32.6
2026-02-24 08:28:49,31.2,2179,79.3,63.49,33,33.3,30.2,31.4
2026-02-24 08:28:50,12.6,1108,91.9,63.47,31.8,33.1,33.2,33.9
2026-02-24 08:28:51,43.2,2519,100.7,63.43,32.8,30.7,32.3,35.4
2026-02-24 08:28:52,32.4,1894,83.8,63.38,31.5,31.9,33.8,34.2
2026-02-24 08:28:53,12.4,719,94.8,63.38,33.5,33.2,31.8,32.3
2026-02-24 08:28:54,31.9,1666,85,63.35,33.3,31.8,31.4,31.6
2026-02-24 08:28:55,39.4,2007,90.3,63.33,32.4,31.6,35.7,33.7
2026-02-24 08:28:56,28.5,1828,93,63.31,30.5,29.9,32.7,32.7
2026-02-24 08:28:57,55.7,3288,97.8,63.26,31.7,31.3,33.4,31.6
2026-02-24 08:28:58,58.6,3517,93.4,63.23,30.4,33.3,33.1,32.6
2026-02-24 08:28:59,40.1,2761,87.7,63.22,30.1,33.1,31.5,33.4
2026-02-24 08:29:00,22.8,1161,96.5,63.2,31,32.1,33.4,34.6
2026-02-24 08:29:01,53.9,3823,82.4,63.19,33,31.8,34,31.3
2026-02-24 08:29:02,32.2,1799,96.4,63.17,33.4,31.2,33.3,32.3
2026-02-24 08:29:03,32.6,2190,86.1,63.16,32.3,32.1,31.9,34.6
2026-02-24 08:29:04,47.2,2492,85.1,63.12,32.8,31.3,34.1,32.5
2026-02-24 08:29:05,30.4,1906,92.6,63.09,31.1,31.1,35,32.5
2026-02-24 08:29:06,40.6,2207,79.8,63.06,31.8,31,34.3,30.6
2026-02-24 08:29:07,33.4,1783,87.8,63.03,30.5,34.1,32.7,32
2026-02-24 08:29:08,50.9,2677,87.1,63.01,31.8,31.2,33.2,33.9
2026-02-24 08:29:09,32.3,1933,85.3,62.99,34.7,32,32.1,32.6
2026-02-24 08:29:10,32.3,2166,93.1,62.94,32.4,32.8,35,32.3
2026-02-24 08:29:11,30.6,1784,92.6,62.93,32.2,30.1,33.9,33.6
2026-02-24 08:29:12,45.2,2632,95.2,62.93,33.8,31.8,33.2,34.3
2026-02-24 08:29:13,63.2,3665,102.3,62.9,34.2,32.3,32,29.4
2026-02-24 08:29:14,31.7,2109,91.1,62.86,32.1,30.6,33,33.7
2026-02-24 08:29:15,48.3,3213,103.9,62.86,33.1,30.9,33,35.4
2026-02-24 08:29:16,35.2,1454,81.1,62.82,31.1,33.6,33.4,32.2
2026-02-24 08:29:17,28.7,1571,81.7,62.81,29.4,35.2,32.6,31.9
2026-02-24 08:29:18,61.4,3948,86,62.8,31.9,32.8,34.4,32.4
2026-02-24 08:29:19,36.5,2655,90.4,62.76,31.3,30,31.1,32.6
2026-02-24 08:29:20,69.3,4331,91.5,62.74,33.3,32.4,33.9,32.4
2026-02-24 08:29:21,34.7,2043,101.8,62.69,33.2,32,35,33.1
2026-02-24 08:29:22,54.9,3476,89.3,62.65,32.6,31.1,32.5,29.3
2026-02-24 08:29:23,61.7,3767,98.2,62.65,32.6,32,32.6,33.9
2026-02-24 08:29:24,77.1,4784,93,62.63,32.5,33.5,33.1,33.7
2026-02-24 08:29:25,32.5,2089,97.2,62.6,32.2,30.9,34.2,33.6
2026-02-24 08:29:26,46.1,3217,98.8,62.59,31.9,31.8,33.3,32.6
2026-02-24 08:29:27,59,3646,81,62.53,31.5,31.6,32.7,33.5
2026-02-24 08:29:28,37.5,2130,95.8,62.53,31.8,32,32.3,34.1
2026-02-24 08:29:29,53.9,3541,89.3,62.53,31.7,28.8,32.9,32.9
2026-02-24 08:29:30,38.5,2070,89.2,62.49,31.5,32.7,33,32.6
2026-02-24 08:29:31,28,1591,85.6,62.49,32.4,32.2,33.3,31.3
2026-02-24 08:29:32,11.4,700,89.9,62.49,32.5,31.9,33.8,32.7
2026-02-24 08:29:33,52.7,3220,84,62.49,34.9,31.7,34.3,33.5
2026-02-24 08:29:34,39.9,2583,87,62.48,32.6,31.6,31.9,33.7
2026-02-24 08:29:35,70.8,3731,92,62.48,32.5,31.7,31.9,32.6
2026-02-24 08:29:36,28.3,2460,90.5,62.45,32.5,33.1,31.2,35.9
2026-02-24 08:29:37,37.7,1982,96.5,62.45,30.5,31.3,33.2,33.2
2026-02-24 08:29:38,57.1,3038,78.5,62.39,31.8,31.7,32.6,33.5
2026-02-24 08:29:39,41.1,2367,97,62.36,31.2,31.1,33.9,34.7
2026-02-24 08:29:40,52.3,3228,94.8,62.34,30.7,31.8,32.8,32
2026-02-24 08:29:41,65.3,3786,84.2,62.34,30.2,30,34.2,33.7
2026-02-24 08:29:42,77.7,4811,89.1,62.3,33,35.6,32.5,33.2
2026-02-24 08:29:43,45.8,2481,90,62.28,32.6,30.6,31.7,33.3
2026-02-24 08:29:44,32.4,2163,91.8,62.27,32,32.4,33.2,33.8
2026-02-24 08:29:45,28.7,1760,85.5,62.25,29.9,34.1,31.8,35.2
2026-02-24 08:29:46,36.8,2775,84.7,62.25,31.6,33.1,31.4,31.3
2026-02-24 08:29:47,38.6,2430,102.7,62.25,32.5,32.2,33.7,32.5
2026-02-24 08:29:48,26.8,1595,86.4,62.22,32.2,31.6,31.6,32.4
2026-02-24 08:29:49,54,3281,86.9,62.16,30.8,31.7,32.6,32.7
2026-02-24 08:29:50,66.4,4149,92.2,62.13,33.3,31.6,32,34.5
2026-02-24 08:29:51,38.4,2062,98.1,62.13,30,30,33.9,33.2
2026-02-24 08:29:52,29.4,1462,86.2,62.13,32.1,31.7,32.7,32.9
2026-02-24 08:29:53,25.9,1811,93.7,62.09,31.6,31,33,33.6
2026-02-24 08:29:54,56.6,3421,99.1,62.09,31,29.7,34.4,32
2026-02-24 08:29:55,45.5,2285,92.9,62.07,30.2,31.6,32.2,33.3
2026-02-24 08:29:56,16.4,700,90.8,62.04,32.8,30.8,32.2,31.9
2026-02-24 08:29:57,43.1,2617,94,62.01,31.4,30.8,33.7,32.4
2026-02-24 08:29:58,45,3053,92.6,61.98,31,31.5,35.4,32
2026-02-24 08:29:59,32.3,1996,85.9,61.94,30.3,30,34.4,33.6
2026-02-24 08:30:00,26.7,1600,93.9,61.94,33.6,30.5,34.3,32.3
2026-02-24 08:30:01,38.2,2153,86.8,61.94,32.7,31,32.4,35.5
2026-02-24 08:30:02,34.5,1853,103.6,61.94,32.4,31,32.9,32.5
2026-02-24 08:30:03,34.9,1902,86.7,61.93,32.2,33.3,33.1,33
2026-02-24 08:30:04,10.5,763,101.7,61.89,31.6,30.7,31.7,31.4
2026-02-24 08:30:05,42.8,2393,94.6,61.85,31.7,30.9,32,34.5
2026-02-24 08:30:06,59.2,3608,95.5,61.84,33.2,32.1,33.9,35.9
2026-02-24 08:30:07,62.3,3648,92.1,61.83,31,32.2,32.8,32.6
2026-02-24 08:30:08,76.1,4614,83.6,61.83,34.4,33.3,31.8,34.5
2026-02-24 08:30:09,49,3246,91.8,61.83,22,32,34.5,34.1
2026-02-24 08:30:10,29.2,1992,90.6,61.83,33.7,31.8,32.4,31.2
2026-02-24 08:30:11,52.5,3137,106.2,61.79,31.3,32.8,33.3,33.6
2026-02-24 08:30:12,61.5,3392,94.3,61.78,32.6,31.4,34.8,32
2026-02-24 08:30:13,73.3,4571,91.3,61.74,30.8,33.9,32,35.2
2026-02-24 08:30:14,57.2,3473,92.5,61.71,31.4,31,30.2,33.6
2026-02-24 08:30:15,66.3,3674,104.5,61.65,30.6,31.1,33.4,33
2026-02-24 08:30:16,51.6,3397,82.3,61.65,31.7,30.9,33.2,33.3
2026-02-24 08:30:17,25.8,1811,91.5,61.65,32.7,32,34.1,32.5
2026-02-24 08:30:18,32.1,1718,92.9,61.61,33.6,32.8,32.7,30.5
2026-02-24 08:30:19,73.3,5203,93.7,61.6,30,32,32.3,36.9
2026-02-24 08:30:20,55.6,2394,100.3,61.6,33,30.5,33.1,33.3
2026-02-24 08:30:21,35,2294,87.7,61.6,33.5,32.8,33.5,33.9
2026-02-24 08:30:22,34.4,1920,79.8,61.6,32.1,34,33.3,34.4
2026-02-24 08:30:23,31.2,1930,88.8,61.58,31.2,32.6,31.8,31.5
2026-02-24 08:30:24,47.2,2517,87.2,61.54,32.9,30.6,34.5,33.5
2026-02-24 08:30:25,41.2,2398,80.5,61.51,33.2,33.1,32.7,33.8
2026-02-24 08:30:26,30.9,1670,93.2,61.5,32.4,30.3,32.3,32.3
2026-02-24 08:30:27,63.2,3941,92.8,61.47,33,32,33.2,34
2026-02-24 08:30:28,45.3,2855,86.3,61.46,31.4,31.5,30.8,32.5
2026-02-24 08:30:29,56.4,3603,104.9,61.44,34.5,32.9,33.5,30.5
2026-02-24 08:30:30,39.3,2478,100.8,61.4,30,32.7,34.1,33.6
2026-02-24 08:30:31,47.6,2830,88.3,61.4,31.6,31,30.8,34.1
2026-02-24 08:30:32,60.5,3601,100,61.4,31.5,29.3,32.6,29.6
2026-02-24 08:30:33,55.1,3865,85,61.4,30.6,32.9,32.3,34.8
2026-02-24 08:30:34,59.1,3801,92.9,61.38,32.4,31.4,33.6,34.6
2026-02-24 08:30:35,17.6,1038,105.7,61.37,30.8,31.4,35.1,33.2
2026-02-24 08:30:36,47.7,3312,97.6,61.34,32.4,31.5,32,32.3
2026-02-24 08:30:37,42.1,2661,89.7,61.34,32.1,34,31.5,36.1
2026-02-24 08:30:38,35.2,2082,79,61.32,31.9,30.6,31.7,32.2
2026-02-24 08:30:39,36.6,1890,96.4,61.32,31.1,31,33.1,34.5
2026-02-24 08:30:40,70.1,4310,87,61.32,32.2,31.4,32.3,32
2026-02-24 08:30:41,51.5,3245,102.1,61.26,32.3,30.6,32,32.9
2026-02-24 08:30:42,42.8,2376,99.9,61.25,32.2,31.9,32.4,34.7
2026-02-24 08:30:43,59.1,3247,94.1,61.22,32.2,31.6,32.5,32.6
2026-02-24 08:30:44,36.8,1809,100.5,61.22,32.2,31.4,33.5,33.7
2026-02-24 08:30:45,47.1,2564,82.8,61.18,32,32.5,33.3,32.3
2026-02-24 08:30:46,66.7,4323,105,61.18,30.4,32.8,34.2,34.7
2026-02-24 08:30:47,40,2540,101.7,61.12,29.8,31.7,32.9,32.6
2026-02-24 08:30:48,33,1702,99.4,61.11,33,32,31.5,32.7
2026-02-24 08:30:49,36.8,1733,94.8,61.08,31.1,30.7,33.3,33
2026-02-24 08:30:50,29.2,917,87.1,61.04,31.7,32.4,31.9,33.7
2026-02-24 08:30:51,48.8,2647,89.1,61,31.7,31.7,33.9,31.6
2026-02-24 08:30:52,49.9,3137,89.6,61,34,31.6,33.5,33.4
2026-02-24 08:30:53,57.8,3109,100.2,60.99,33.7,31.3,34.9,32.7
2026-02-24 08:30:54,72,4412,80.5,60.96,31.7,32.3,30.8,33.7
2026-02-24 08:30:55,66.1,4486,90,60.95,31.6,33.3,33.7,34.3
2026-02-24 08:30:56,26.2,923,95.4,60.94,30.4,32.6,32.2,34.6
2026-02-24 08:30:57,75,4464,81.8,60.93,33,31.7,32.3,32.8
2026-02-24 08:30:58,47.1,2533,88.8,60.93,29.1,32.5,33.1,33.2
2026-02-24 08:30:59,39.2,2639,101.5,60.89,31.6,31.6,34.1,31.7
2026-02-24 08:31:00,72.8,4369,93,60.87,32.2,32,31.5,31.6
2026-02-24 08:31:01,51.4,3190,98.7,60.84,30.9,33.5,31.3,33
2026-02-24 08:31:02,71,4313,91.5,60.8,33.5,29.7,31.9,32.2
2026-02-24 08:31:03,44.3,2727,97.5,60.8,32.2,32.5,33.7,34.2
2026-02-24 08:31:04,34,2139,95.4,60.75,34.2,32.4,33.9,34
2026-02-24 08:31:05,15.5,700,98.4,60.72,35.6,32.5,32.2,32.5
2026-02-24 08:31:06,61.9,4099,92.2,60.66,31.6,30.3,35.1,33.8
2026-02-24 08:31:07,31.7,2361,86,60.63,31,34,31.9,32.8
2026-02-24 08:31:08,58.1,3441,83.8,60.63,34.7,34.3,31.3,33.3
2026-02-24 08:31:09,46.8,2754,96.6,60.63,29.5,31.1,34.6,32.3
2026-02-24 08:31:10,52.1,2574,89.5,60.62,32.3,32.1,33.5,32.2
2026-02-24 08:31:11,64,3890,87.1,60.6,32.7,31.5,30.7,31
2026-02-24 08:31:12,37.7,1586,96.1,60.6,34.1,31.8,34.5,34.4
2026-02-24 08:31:13,38.1,2225,94.4,60.6,31.2,31.6,32,32.7
2026-02-24 08:31:14,41.5,2043,85.1,60.57,30.7,33.3,32,33.9
2026-02-24 08:31:15,60.9,3412,81.9,60.54,32.2,33.6,32.8,33.2
2026-02-24 08:31:16,37.9,2225,83.1,60.52,32.9,31.2,34,33.4
2026-02-24 08:31:17,42.4,2702,101,60.51,33.6,33.5,34.5,33.9
2026-02-24 08:31:18,56.9,3835,94.7,60.48,33.9,32.3,35.1,30.2
2026-02-24 08:31:19,56.7,3274,90.4,60.41,31.5,31.5,33.4,32.2
2026-02-24 08:31:20,57,3356,95.1,60.41,30.1,32.1,33,33.9
2026-02-24 08:31:21,45.7,2673,91.4,60.39,33.1,32.7,32,31.6
2026-02-24 08:31:22,56.4,3236,83,60.36,31.5,32,32.5,33.8
2026-02-24 08:31:23,49.3,2866,97.2,60.34,30.5,35.1,34.4,30.6
2026-02-24 08:31:24,35.5,2344,97.7,60.31,32.9,32.3,32.4,33.7
2026-02-24 08:31:25,72.1,4853,83.9,60.31,33,30.3,32.9,32.6
2026-02-24 08:31:26,17.1,1497,100.5,60.3,31.6,31.4,32.7,31.6
2026-02-24 08:31:27,57.7,3428,91.1,60.3,28.7,31.6,31.9,32.2
2026-02-24 08:31:28,50.1,3182,87.4,60.28,32,31.2,33.9,31.4
2026-02-24 08:31:29,45.3,2543,111.5,60.27,32.4,30.9,34.3,34.3
2026-02-24 08:31:30,35.8,1696,91,60.24,31.6,32.1,32.9,33.9
2026-02-24 08:31:31,41.1,2622,81.9,60.2,32.7,33.3,32.5,33.7
2026-02-24 08:31:32,72.1,4436,92.6,60.2,32.9,28.8,33.2,33.9
2026-02-24 08:31:33,43.5,3089,95.7,60.15,32.1,32.7,33.4,33.1
2026-02-24 08:31:34,39.2,2300,98.7,60.09,32.8,33.1,33,33
2026-02-24 08:31:35,31.8,1394,94.3,60.09,30.9,32.8,31.6,33.2
2026-02-24 08:31:36,37.6,2341,91.3,60.09,29.6,31.1,32.9,30.5
2026-02-24 08:31:37,43.7,2167,88.5,60.08,30.4,30.3,33.3,34.2
2026-02-24 08:31:38,24.6,1141,95.6,60.07,30.9,33.9,32,33.1
2026-02-24 08:31:39,62.1,3587,87.8,60.02,30.1,33.2,31.3,32.2
2026-02-24 08:31:40,46.5,2655,97.4,59.96,34.4,29.4,33.8,32.4
2026-02-24 08:31:41,67,3607,89.7,59.93,31.1,30.1,34.4,32.7
2026-02-24 08:31:42,59.9,3909,79.4,59.93,32.1,30.7,33.1,31.4
2026-02-24 08:31:43,66.2,4064,97,59.91,31.3,30.3,33.4,32.6
2026-02-24 08:31:44,25,1224,90.3,59.9,34,34.4,32.1,29.8
2026-02-24 08:31:45,53.7,2968,92.2,59.83,32.2,33.7,34.6,32.4
2026-02-24 08:31:46,39.6,2008,101.7,59.81,34,32.4,32.6,34.4
2026-02-24 08:31:47,44.3,2763,91,59.76,30.7,32.3,33.9,33.1
2026-02-24 08:31:48,36,2424,93.4,59.76,32.6,31.7,32.2,34.5
2026-02-24 08:31:49,48.2,2756,92.9,59.71,30.3,31.1,33.1,33
2026-02-24 08:31:50,46.4,3089,101.2,59.67,31.9,32,32.9,31.8
2026-02-24 08:31:51,13.2,700,90.1,59.65,30.5,34.7,32.6,32.8
2026-02-24 08:31:52,57.8,3545,87.2,59.62,31.7,30.4,34,31.6
2026-02-24 08:31:53,47.3,3173,87.6,59.62,32.6,33.5,31.7,32.6
2026-02-24 08:31:54,30.4,1592,79.4,59.61,33.7,33.5,33.4,33.9
2026-02-24 08:31:55,28.5,1744,80.8,59.6,30.9,31.8,32.5,32.8
2026-02-24 08:31:56,34.6,2235,99.8,59.56,33,32.6,33.6,33.5
2026-02-24 08:31:57,21.2,1145,91.7,59.52,33,31.4,33.6,33.8
2026-02-24 08:31:58,47.1,2871,92.5,59.5,31,30.2,32.7,33.7
2026-02-24 08:31:59,67.5,4170,93.4,59.5,36,33.2,33.7,32.6
2026-02-24 08:32:00,47.9,3230,99.2,59.49,31.5,32.5,35.1,32.4
2026-02-24 08:32:01,52.9,3450,90.3,59.49,31.6,32.9,33.6,32
2026-02-24 08:32:02,22.8,1250,91,59.48,32.2,34,30.5,33.3
2026-02-24 08:32:03,21.9,1497,97.6,59.48,28.5,31.7,33.3,31.7
2026-02-24 08:32:04,31.6,2362,98.8,59.48,33.9,32.6,31.8,34.5
2026-02-24 08:32:05,55.8,3159,97.9,59.46,32.8,32.5,31.6,33.6
2026-02-24 08:32:06,31.7,2328,85,59.46,31.8,32.9,32.7,35.8
2026-02-24 08:32:07,53.4,2793,93.2,59.45,34.2,32.3,33.2,32.6
2026-02-24 08:32:08,41.7,2233,89.3,59.44,32.9,32.2,33.3,34.9
2026-02-24 08:32:09,50.8,3089,89.3,59.42,32.4,30.9,33,32.5
2026-02-24 08:32:10,29.4,1253,93.7,59.42,30.4,30.7,33.6,33.3
2026-02-24 08:32:11,30.8,1944,101.3,59.39,33.9,33.4,33.8,34.7
2026-02-24 08:32:12,43.4,1965,81.7,59.34,32,31,33.5,34.6
2026-02-24 08:32:13,41.9,2291,87,59.34,32.3,32.3,35.5,35
2026-02-24 08:32:14,18.2,806,91.8,59.34,34.4,30.8,31.5,30
2026-02-24 08:32:15,53.1,3466,89.7,59.29,32.6,32.5,34.4,33.4
2026-02-24 08:32:16,15.8,700,97.1,59.27,32.1,34.6,33.8,36.2
2026-02-24 08:32:17,38.8,2717,90.8,59.26,30.7,30.2,30.5,33.8
2026-02-24 08:32:18,45.8,2504,89.1,59.21,31.8,33,33.5,32.1
2026-02-24 08:32:19,34.5,1969,100.5,59.21,31.2,30.8,34.8,31.9
2026-02-24 08:32:20,23.9,1185,97.6,59.17,31.2,33.6,33.2,33.1
2026-02-24 08:32:21,39,2663,85.9,59.17,31.7,31.8,32.6,33.5
2026-02-24 08:32:22,43.3,2200,81.3,59.12,32.9,30.1,33.6,33.8
2026-02-24 08:32:23,31.1,2088,93.4,59.1,33.5,30.9,30.8,31.4
2026-02-24 08:32:24,24.6,1769,106.4,59.08,32,31.7,32.7,31.7
2026-02-24 08:32:25,27.1,1513,89.1,59.02,31.6,32.1,34.1,32.8
2026-02-24 08:32:26,37.1,1836,83.7,59,32.9,31.9,31.9,32.2
2026-02-24 08:32:27,38.2,2510,85.6,58.98,31,30.1,32.2,34.6
2026-02-24 08:32:28,66.3,3687,84,58.98,30,31.2,32.6,36.9
2026-02-24 08:32:29,25.7,1276,89.9,58.17,32.7,31.6,33,31.7
2026-02-24 08:32:30,50.7,2836,97.8,58.13,31.9,33.2,34,35.2
2026-02-24 08:32:31,38.7,2042,93.9,58.1,29.1,29.6,32.4,31.4
2026-02-24 08:32:32,46.4,3281,98.2,58.09,29.3,30.9,36,34.6
2026-02-24 08:32:33,35,2284,99,58.09,32.3,30.3,32.8,35.5
2026-02-24 08:32:34,57,3522,93.4,58.07,33.2,33.9,34.1,33.1
2026-02-24 08:32:35,19.5,997,94.2,58.01,32.7,30.9,34.3,33.4
2026-02-24 08:32:36,47.3,3153,86.2,57.99,31.6,35,31.5,33.5
2026-02-24 08:32:37,45.4,2419,96,57.98,33.9,33.3,32.6,33.3
2026-02-24 08:32:38,60.8,3585,92.5,57.94,30.8,34.3,33.7,32.1
2026-02-24 08:32:39,41.6,2827,87.4,57.9,31.5,30,33.7,32.3
2026-02-24 08:32:40,52.4,2864,90,57.88,31.1,31.8,34.6,32.6
2026-02-24 08:32:41,51,3071,93.3,57.87,32.5,34.9,33,32.9
2026-02-24 08:32:42,35.3,1887,106.5,57.87,29.9,32.7,34.2,33.1
2026-02-24 08:32:43,43.7,2506,99.7,57.84,30,31.4,33.7,33.7
2026-02-24 08:32:44,43,2564,86.5,57.79,29.5,31.2,33.9,32.7
2026-02-24 08:32:45,61.8,3651,95.9,57.78,31.9,32.7,33.2,32.8
2026-02-24 08:32:46,48.6,3206,86.7,57.78,33.6,30.1,33.6,32.2
2026-02-24 08:32:47,49.4,3152,95.5,57.75,34,33.1,32.8,31.7
2026-02-24 08:32:48,80.2,5057,84.5,57.72,30.9,30.1,32.8,31.6
2026-02-24 08:32:49,51.2,3326,83.4,57.72,31.4,31.2,33.7,33.7
2026-02-24 08:32:50,50.4,3424,93.1,57.66,30.8,31.6,32.9,32
2026-02-24 08:32:51,53,3248,97.5,57.66,32.4,32.3,33.7,34.1
2026-02-24 08:32:52,68.2,4288,86.4,57.66,32.4,33.3,34.7,31.6
2026-02-24 08:32:53,59.4,3462,97.7,57.66,32.9,33.2,34.4,33.3
2026-02-24 08:32:54,50.1,2971,99.5,57.66,29.7,31.6,31.4,31.2
2026-02-24 08:32:55,35.8,2309,95.9,57.66,30.3,30,32.8,34
2026-02-24 08:32:56,50.4,2923,98.7,57.63,31.4,34.1,32.8,33.1
2026-02-24 08:32:57,47.1,2714,92.7,57.6,31.1,30.1,33.4,30.4
2026-02-24 08:32:58,17.5,1132,102.5,57.59,32.6,33.3,31.3,32.6
2026-02-24 08:32:59,21.9,1775,97.7,57.59,31.8,31.4,33.1,33
2026-02-24 08:33:00,18.1,700,93.3,57.59,30,31.7,31.6,31.5
2026-02-24 08:33:01,66.2,3831,88.5,57.57,33.4,34.7,33.7,34.1
2026-02-24 08:33:02,54.3,3372,93.1,57.57,32.5,32.2,31.4,31.3
2026-02-24 08:33:03,9.7,700,99.4,57.53,31,32.5,30.4,33.1
2026-02-24 08:33:04,52,2696,96,57.52,30.5,34,34.2,32.8
2026-02-24 08:33:05,46,2538,87.9,57.49,31.4,31.3,34.6,33.1
2026-02-24 08:33:06,41.2,2135,87.1,57.49,30.7,31.8,32.7,33
2026-02-24 08:33:07,33.8,2014,95.2,57.49,33.7,33.3,32.5,34.2
2026-02-24 08:33:08,26,1954,86.1,57.47,31.6,32.5,30.9,34
2026-02-24 08:33:09,57.9,3474,100.2,57.44,32,31,33.1,34.8
2026-02-24 08:33:10,36.3,2114,91.7,57.41,32.9,31.2,33,34.2
2026-02-24 08:33:11,43,3256,93.2,57.4,32.6,31.1,31.4,31.9
2026-02-24 08:33:12,53.8,3046,78.9,57.4,34.1,32.7,31.7,32
2026-02-24 08:33:13,53,3214,99.8,57.37,32.6,31.6,31.9,34.2
2026-02-24 08:33:14,39.1,2246,89.8,57.35,34.3,33.3,32.5,30.1
2026-02-24 08:33:15,36.9,1942,97,57.32,31.3,32.8,33.4,34.1
2026-02-24 08:33:16,48.9,3116,79.7,57.26,30.2,30.8,35.6,32.8
2026-02-24 08:33:17,27.3,1481,95.3,57.23,31.6,32.5,34.2,31.9
2026-02-24 08:33:18,49.6,3231,94.2,57.19,32.3,31.7,33.5,33.9
2026-02-24 08:33:19,47.6,2734,82.5,57.19,32.9,31.8,32.7,34.2
